date_identified,implant_type,url,hash,c2
2019-07-21 13:47:02,Njratgold,https://t.co/DbhMlVvFUw,393494ae3eed1f9d150139f0e19352fe6132ef96cf4234f009361f8d72bf03d5,ham131231.duckdns.org:1604
2019-07-21 12:47:02,njRat,https://t.co/rlZr46HOu7,9c477328aaefe56baad554155112476dcbb1234f39090f809262d4f4ec968a79,server.exe:9996
2019-07-21 12:32:03,njRat,https://t.co/MHR5bHGLa3,9de51d6cf146eb287d892ff93a7613941564a99b83eb1af18d6d42a3197698c2,xlightcx.ddns.net:5552
2019-07-21 00:02:02,njRat,https://t.co/aocgvqlmM4,12980cd98ac55f67f8ad05e00e4a89bd64ffa1649629e67b2cd652aed6caf940,8701.viewdns.net:5556
2019-07-20 23:17:03,njRat,https://t.co/kkhfmHCJ85,4a031589d3bfe5a8dac9e40f3a8f45de6b900af53cfc44289b75ceb95ace0d9c,soolbin02.hopto.org:1177
2019-07-20 20:32:02,njRat,https://t.co/TgT5J2squd,8f95418d784b646ace41c141a07f99cef0cb3fa9cd7f19a6a9ef9bbe077a1d0b,soolbin02.hopto.org:1177
2019-07-20 16:10:32,njRat,https://t.co/hUOyC4VGly,0b5d4cf5ca7033f25df5bcbfbd55abf6e819b82c1d73490dba74ae02723015c4,192.168.0.40:4546
2019-07-20 14:47:02,njRat,https://t.co/L9QxqzrLmx,4ed6733bec4590c1f49adede3fc2d9471575520d3149589d4cba6f5b0c505212,127.0.0.1:6522
2019-07-20 14:32:02,njRat,https://t.co/krkPramapP,d961c476ce47928ff6f364a35aa5a28cfb7acb8008dd91be1928b53148800604,127.0.0.1:6522
2019-07-20 12:47:02,Njratgold,https://t.co/AP1QhQESDE,79a9ee1718029b260a9044a40e38290ccd6614706fd049215a714d89a5497c17,ham131231.duckdns.org:1604
2019-07-20 08:02:03,Njratgold,https://t.co/sXwZClvNh0,99a56ca939ed2af26ac54e2fe72fd2a931239a102c833487dd42eecd911cc44d,127.0.0.1:1604
2019-07-20 06:32:02,Njratgold,https://t.co/qmlWAoaQ2r,b3e4e19f536c9ba6d63d252b43e580e01c721227270f9b247c7c010fba6333d8,127.0.0.1:1604
2019-07-20 04:17:03,Njratgold,https://t.co/1iXEhxo3wi,b3e4e19f536c9ba6d63d252b43e580e01c721227270f9b247c7c010fba6333d8,127.0.0.1:1604
2019-07-20 02:35:02,PowerShell_Meterpreter_Reverse_HTTP_x86,https://t.co/oxbJceDThj,fa27c1b0a29a869a020907685b23f0b6048cad205ee4f8d016b42938c4e02e99,319cb582.ngrok.io
2019-07-20 00:39:30,PowerShell_Meterpreter_Reverse_HTTP_x86,https://t.co/ZC8jxfdw1e,d22b5b95a641bfa73788c8cf4956d8b78ace2274e19f667ca41971579e628d58,10.0.2.15
2019-07-20 00:34:32,PowerShell_Empire_Agent,https://t.co/2zpeaT58Uv,5019c082f66ef29bae38dcf36c5c5108454931e2964ad52ea25ac5922ee6a285,172.20.20.198:8080
2019-07-20 00:22:13,PowerShell_Meterpreter_Reverse_HTTP_x86,https://t.co/yxXYWUpirU,abe3d2e57ac912d9859da011b28461cc47c84d0929d9769983e740823081124c,10.0.2.15
2019-07-20 00:10:54,PowerShell_Empire_Agent,https://t.co/jd0AapTw3v,0ce44fa6700e4fdcf327f4a0df98ce580b021be2bcc9f0607a75cf2dfae19b5b,172.20.20.189:8080
2019-07-19 23:55:56,njRat,https://t.co/FfKUuw1LSg,0b5d4cf5ca7033f25df5bcbfbd55abf6e819b82c1d73490dba74ae02723015c4,192.168.0.40:4546
2019-07-19 22:47:03,njRat,https://t.co/AGj6bbCHfU,0b5d4cf5ca7033f25df5bcbfbd55abf6e819b82c1d73490dba74ae02723015c4,192.168.0.40:4546
2019-07-19 21:47:02,njRat,https://t.co/n0GcXseWoS,449c18480fd0d6320e2ee170d6ce292a9b5717f11bdab02f0d5d925b1576ad70,server.exe:9996
2019-07-19 21:02:02,njRat,https://t.co/h9TOJ8IFk8,449c18480fd0d6320e2ee170d6ce292a9b5717f11bdab02f0d5d925b1576ad70,server.exe:9996
2019-07-19 20:47:18,njRat,https://t.co/U1qLpwIcKf,449c18480fd0d6320e2ee170d6ce292a9b5717f11bdab02f0d5d925b1576ad70,server.exe:9996
2019-07-19 20:47:02,njRat,https://t.co/jCyfcu1Cig,449c18480fd0d6320e2ee170d6ce292a9b5717f11bdab02f0d5d925b1576ad70,server.exe:9996
2019-07-19 20:33:07,njRat,https://t.co/rsWECugJ4C,449c18480fd0d6320e2ee170d6ce292a9b5717f11bdab02f0d5d925b1576ad70,server.exe:9996
2019-07-19 20:32:51,njRat,https://t.co/NukQrY7eO8,449c18480fd0d6320e2ee170d6ce292a9b5717f11bdab02f0d5d925b1576ad70,server.exe:9996
2019-07-19 20:32:34,njRat,https://t.co/3Fjjvv7gvf,449c18480fd0d6320e2ee170d6ce292a9b5717f11bdab02f0d5d925b1576ad70,server.exe:9996
2019-07-19 20:32:18,njRat,https://t.co/jqLyVRobIX,449c18480fd0d6320e2ee170d6ce292a9b5717f11bdab02f0d5d925b1576ad70,server.exe:9996
2019-07-19 20:32:02,njRat,https://t.co/RiRdBbkWJd,449c18480fd0d6320e2ee170d6ce292a9b5717f11bdab02f0d5d925b1576ad70,server.exe:9996
2019-07-19 20:17:51,njRat,https://t.co/PTrL7cED6F,449c18480fd0d6320e2ee170d6ce292a9b5717f11bdab02f0d5d925b1576ad70,server.exe:9996
2019-07-19 20:17:35,njRat,https://t.co/d8EKlQDnnH,449c18480fd0d6320e2ee170d6ce292a9b5717f11bdab02f0d5d925b1576ad70,server.exe:9996
2019-07-19 20:17:18,njRat,https://t.co/3ClvNQeXAy,449c18480fd0d6320e2ee170d6ce292a9b5717f11bdab02f0d5d925b1576ad70,server.exe:9996
2019-07-19 20:17:02,njRat,https://t.co/Io5za2u9BK,449c18480fd0d6320e2ee170d6ce292a9b5717f11bdab02f0d5d925b1576ad70,server.exe:9996
2019-07-19 18:47:02,Njratgold,https://t.co/pX6KfKTnQt,b3e4e19f536c9ba6d63d252b43e580e01c721227270f9b247c7c010fba6333d8,127.0.0.1:1604
2019-07-19 17:28:45,njRat,https://t.co/SJNMV5izJy,0b5d4cf5ca7033f25df5bcbfbd55abf6e819b82c1d73490dba74ae02723015c4,192.168.0.40:4546
2019-07-19 17:24:17,njRat,https://t.co/1kpc6pBBK8,f3eafd36ef62b94b6172384f2032718a8d5477239bc0bcd27e975b70eac8818a,server.exe:898:
2019-07-19 13:30:03,PowerShell_Empire_Agent,https://t.co/eM5mhqx26r,8fd6268ef59c808397e37ecfcab5ad9e835feb7506f562e88cacc6f76f657204,10.0.2.15:80
2019-07-18 22:49:34,njRat,https://t.co/w6CZRmwLvc,5104469f8fe95b92667f1e11734eb8a6bcbf925c2e3bd27ba3e349bd630897d8,127.0.0.1:2222
2019-07-18 21:32:03,njRat,https://t.co/bLiP77Ye6a,5104469f8fe95b92667f1e11734eb8a6bcbf925c2e3bd27ba3e349bd630897d8,127.0.0.1:2222
2019-07-18 20:47:02,njRat,https://t.co/RG6wUnFXYA,e34537cf07e5ea975e6ef53356bb2c8d5882936e646e65b9a9a12313808cc867,127.0.0.1:81
2019-07-18 20:32:02,njRat,https://t.co/mYR35MtrqM,e34537cf07e5ea975e6ef53356bb2c8d5882936e646e65b9a9a12313808cc867,127.0.0.1:81
2019-07-18 19:36:07,njRat,https://t.co/Rri7dgmuV1,0b5d4cf5ca7033f25df5bcbfbd55abf6e819b82c1d73490dba74ae02723015c4,192.168.0.40:4546
2019-07-18 19:32:02,njRat,https://t.co/EHtJ3x2VhW,0b5d4cf5ca7033f25df5bcbfbd55abf6e819b82c1d73490dba74ae02723015c4,192.168.0.40:4546
2019-07-18 19:26:22,njRat,https://t.co/jpLQlJrobo,0b5d4cf5ca7033f25df5bcbfbd55abf6e819b82c1d73490dba74ae02723015c4,192.168.0.40:4546
2019-07-18 19:24:49,njRat,https://t.co/x68OZDJWZp,0b5d4cf5ca7033f25df5bcbfbd55abf6e819b82c1d73490dba74ae02723015c4,192.168.0.40:4546
2019-07-18 19:22:47,njRat,https://t.co/XRS8FUFv5C,0b5d4cf5ca7033f25df5bcbfbd55abf6e819b82c1d73490dba74ae02723015c4,192.168.0.40:4546
2019-07-18 17:30:03,PowerShell_Empire_Agent,https://t.co/6n3c3mf8VC,f800a165de626fe5c6ffe1054f0f44f76e087d9b34685d5a325d264d84940d6f,52.14.249.189:8080
2019-07-18 15:02:03,njRat,https://t.co/iApXtwADpG,38d468c642f75a888970eac0f0df2ef3ac398e25e22d3cab7957ae454222f1ee,127.0.0.1:5552
2019-07-18 14:47:02,njRat,https://t.co/n4m3mZpCNE,3df5b7b0f7226e0457106a0366e7686fe560d1c5bebc08107054f800c7b9d19c,krkrteam.ddns.net:1177
2019-07-18 13:48:12,PowerShell_Meterpreter_Reverse_TCP_x86,https://t.co/XXjkbzK5kY,b04f58e8db6a8caabf065ebc5006295c82ae32e149097152970fc85ae676d2f5,209.126.106.228:80
2019-07-18 13:38:10,PowerShell_Meterpreter_Reverse_TCP_x64,https://t.co/t5iaZAsz2V,01c2574892e5f281039c1dd3696554ab9ab1ff7b92b2821aaa8c6de597592b57,193.108.106.50:443
2019-07-18 13:29:38,PowerShell_Meterpreter_Reverse_HTTP_x86,https://t.co/1gcsY64EC8,f5b44b8fea6eb114db8864036947231ca1af907d1836deb7f88082ed4a3b002d,192.168.89.132
2019-07-18 13:22:27,PowerShell_Meterpreter_Reverse_HTTP_x86,https://t.co/imZ2G1JhJE,74b282808e260a7151098a00da7a19a87648b50fdcfb4f8178b5717da72f714a,192.168.89.132
2019-07-18 13:07:03,njRat,https://t.co/VvemENpoEn,0b5d4cf5ca7033f25df5bcbfbd55abf6e819b82c1d73490dba74ae02723015c4,192.168.0.40:4546
2019-07-18 13:06:15,njRat,https://t.co/i7ujem6Olh,e41daecaf27a6ae0d685d31605173b4167c7a68c32cc7968de04278e4c28265d,server.exe:898:
2019-07-18 13:05:20,njRat,https://t.co/rjEYUkFCBZ,0b5d4cf5ca7033f25df5bcbfbd55abf6e819b82c1d73490dba74ae02723015c4,192.168.0.40:4546
2019-07-18 12:56:13,njRat,https://t.co/vKMReVAc08,0b5d4cf5ca7033f25df5bcbfbd55abf6e819b82c1d73490dba74ae02723015c4,192.168.0.40:4546
2019-07-18 12:20:03,PowerShell_Empire_Agent,https://t.co/HWIU6ebHEj,624bd08db059bdc3753128c9c595c344a7d02f37fcbc2a1c8c8e805e38d4f7ad,192.168.0.14:80
2019-07-18 12:05:06,PowerShell_Meterpreter_Reverse_HTTP_x86,https://t.co/iNZX2uBpJE,09bde5d45f1213b68eee250fb75317f496abb921b497d5d1bd609f8a809cda9e,192.168.0.14
2019-07-18 11:47:20,njRat,https://t.co/zvUIsJS0xb,21701e6751566f26df639004943c4c49641dd6b18ad87a78cec2abe00912358a,127.0.0.1:5555
2019-07-18 11:47:03,njRat,https://t.co/7L9mwvEIh2,dba5ed4488f7e7bc32072a88d4e60fd01ee312e3feebe040bc60151f61357e0f,xlightcx.ddns.net:5552
2019-07-18 11:32:20,njRat,https://t.co/giJ9yzz3PO,91df9d11e99f82a8acce9605b877b54422b999c97a14dd3d0af3b588299c5dc3,127.0.0.1:5555
2019-07-18 11:32:02,Revenge,https://t.co/kbrf111Keh,5d1fd8e75504b1475c90b8950321053c1abcce8e27c65cb507cd3ce6d5d6d6c4,127.0.0.1:3333
2019-07-18 11:17:19,Revenge,https://t.co/NIoQ8VOZ3m,f45d9b564d7e5fb68daa0727d010bc46e0941be95c945e74cc0c48be9f979ee6,127.0.0.1:3333
2019-07-18 11:17:02,njRat,https://t.co/XIM9nGVCwv,dba5ed4488f7e7bc32072a88d4e60fd01ee312e3feebe040bc60151f61357e0f,xlightcx.ddns.net:5552
2019-07-18 10:17:03,Revenge,https://t.co/8R8sJotAmd,5d1fd8e75504b1475c90b8950321053c1abcce8e27c65cb507cd3ce6d5d6d6c4,127.0.0.1:3333
2019-07-18 09:45:02,PowerShell_Meterpreter_Reverse_HTTP_x86,https://t.co/AUfSjiPaWo,63cc03e86ae058496c9c88641892a021035defd5bb826adb012157f53c407158,192.168.43.44
2019-07-17 18:02:03,njRat,https://t.co/sppqP0BoUJ,652a7503d5500a72250ded8835c68c766c95fc11877dadeb0c7b55b0e0f8931f,server.exe:55&lt;&lt;
2019-07-17 17:32:20,njRat,https://t.co/o8YIijiZvE,c141f2aa5224696bb170b6e03f5ba69146d6433770f63eb91351d0d4346a36be,127.0.0.1:1188
2019-07-17 17:32:03,njRat,https://t.co/LRfvFcccpw,0b5d4cf5ca7033f25df5bcbfbd55abf6e819b82c1d73490dba74ae02723015c4,192.168.0.40:4546
2019-07-17 17:17:03,njRat,https://t.co/20KycZiaO3,cefc3c08a80f00fee4223807071888a5c374c36f96aa567d5e3c26bd38710ff8,server.exe:6666
2019-07-17 17:02:03,njRat,https://t.co/MTmHb0nUWq,5ba9498bb61f8b5ed66676381dd8f5cc546dead2ccb6909d001a7a9e568595c0,192.168.0.40:4546
2019-07-17 13:02:04,NanoCore,https://t.co/Wg2TjUpZKG,cc446898c6481f18af0e706401d068e664248fc4e72f845494b118857df221da,"soucdtevoceumcuzao.duckdns.org:54982,bylgay.hopto.org:54982,"
2019-07-17 12:17:02,njRat,https://t.co/CVXyRzjfGk,699009e58ca80283f66a70e86abf56a640316db3770c176fddf5f4c1fb433ecd,mohamedsaeed.ddns.net:1177
2019-07-17 11:02:02,njRat,https://t.co/hlmhc4ZkAV,25b9ca9d42d98856ecd546d5c85befaef10204e8df7f3cca260677e0da3719ac,amibas8722.ddns.net:1177
2019-07-17 10:02:02,Lime-RAT,https://t.co/wPS1Go3tSk,78c0f97bf1e31fd8eaaabb35c590f4e315ecc67e39a604830819771501e759f1,https://pastebin.com/raw/Wr85M2fh
2019-07-17 09:47:20,njRat,https://t.co/ORnHxucSPJ,c81d5bcd3790a2a54843c604d048d4be1049597b7b433a47082a3c9d761630e4,xlightcx.ddns.net:5552
2019-07-17 09:47:03,njRat,https://t.co/7ZVW29Ms0I,12d75842beadabd745a9e3dffe066d2035c639de5beb7d3d87eed7a1b19a357b,xlightcx.ddns.net:5552
2019-07-17 09:32:02,njRat,https://t.co/CTFGmUP2lA,a8fba3b62ba6a624b8c1bf79ce6aed469635d907da47305a7db1762fbf07abd9,xlightcx.ddns.net:5552
2019-07-17 09:17:35,njRat,https://t.co/EwN1oSEy5m,c81d5bcd3790a2a54843c604d048d4be1049597b7b433a47082a3c9d761630e4,xlightcx.ddns.net:5552
2019-07-17 09:17:19,njRat,https://t.co/tdtBbonkLk,a8fba3b62ba6a624b8c1bf79ce6aed469635d907da47305a7db1762fbf07abd9,xlightcx.ddns.net:5552
2019-07-17 09:17:02,njRat,https://t.co/XSaktIBnek,c81d5bcd3790a2a54843c604d048d4be1049597b7b433a47082a3c9d761630e4,xlightcx.ddns.net:5552
2019-07-17 07:32:19,njRat,https://t.co/eujyZwPmgB,5ba9498bb61f8b5ed66676381dd8f5cc546dead2ccb6909d001a7a9e568595c0,192.168.0.40:4546
2019-07-17 07:32:02,njRat,https://t.co/plDj5RK0LH,5ba9498bb61f8b5ed66676381dd8f5cc546dead2ccb6909d001a7a9e568595c0,192.168.0.40:4546
2019-07-17 04:02:03,njRat,https://t.co/AdAKOpLAbW,5ba9498bb61f8b5ed66676381dd8f5cc546dead2ccb6909d001a7a9e568595c0,192.168.0.40:4546
2019-07-17 01:05:02,PowerShell_Meterpreter_Reverse_TCP_x86,https://t.co/Ggg3tl9CfB,1d89cffaacb34a7536216912053efc02682e4afb854d3b1773cbbcb443414d12,10.0.0.227:6666
2019-07-16 23:47:03,njRat,https://t.co/ul8ezhOePP,c81d5bcd3790a2a54843c604d048d4be1049597b7b433a47082a3c9d761630e4,xlightcx.ddns.net:5552
2019-07-16 23:32:02,njRat,https://t.co/Xdjmr4go8u,9be5a4c17e545dbc52b5067c810c74ef2e36d69919aa909e99dd00c1cad25492,127.0.0.1:1177
2019-07-16 23:17:02,njRat,https://t.co/hDt6hXPpaW,b94cbc407e20d4f5c08a921cb5a05abc811049f9b8a8c6211f21f5f58eb6af93,netro800.ddns.net:1177
2019-07-16 20:47:02,NanoCore,https://t.co/BBLf0nsGef,1966ab7d1bbb4f0658e42b6381d9ce346777998cff7ce71976989d81d721f707,"nanobabo.ddns.net:1337,127.0.0.1:1337,"
2019-07-16 19:47:02,njRat,https://t.co/YiGUUB86mu,92d0672b4e67ea21336edd6de83b10fd29bfb60be81f81f846b8f2c5dc9e53ec,server.exe:9996
2019-07-16 19:11:49,njRat,https://t.co/r9yTqmINsM,b1ce9baeaea1a4ddc08a7d7aad7ea916ac29a22ee6a0f26eb35bbbd97fc69577,127.0.0.1:7400
2019-07-16 19:11:32,njRat,https://t.co/Ptu4xGNrLv,69fa0ed925dc1900771c2fe1f3950c48cd7979ff6cb55d1a701c00ec3a26383d,127.0.0.1:7400
2019-07-16 19:11:16,njRat,https://t.co/4DgaJ7jlFW,e87b2ac92c3922b6f52cd02ec9113597f4dfd64129d361b50a77e413d7652813,dreem.linkpc.net:7400
2019-07-16 18:56:23,njRat,https://t.co/wEldAtV2vM,fef5015b01c1b3a954ea3912b2292d4b9ffc821bf8eab2ceb7ed8d1186ec62f8,
2019-07-16 18:56:06,njRat,https://t.co/UTlYkrelV7,7f8d0ccf17a86cde1ed9c495fd3dcdcd1c6054eed7db57f3004e41309e9c662f,xlightcx.ddns.net:5552
2019-07-16 18:55:49,njRat,https://t.co/ERltp1DOar,925861d3853e10e1168de97521e81fda011b843d134c6b4cec2e136f5af04ed7,151.80.175.190:1212
2019-07-16 18:55:33,njRat,https://t.co/AlR5gqVPQX,11aa8cc5494792f2870c7308c86ee7d2c9051034aa9cd548e0436471916e9762,127.0.0.1:5552
2019-07-16 18:55:17,njRat,https://t.co/VrcYFdqxzo,70717174f8acaec6cc7b8d6442c5d7794a518b7b310a38a07c58f30655428285,winddns.hopto.org:1177
2019-07-16 18:55:01,njRat,https://t.co/SdZryPFVNZ,9d55057493e15a7e6310c6c17e7c28689f05dc58b2cfa101c3ec33df2a1669d8,192.168.0.17:2323
2019-07-16 18:54:44,njRat,https://t.co/stnD1TR8ti,ae241392201630bcf15490ec13ff30eeb207fcaad3d84dc10143f97f97d7acde,xlightcx.ddns.net:5552
2019-07-16 18:54:27,njRat,https://t.co/ULvYLG8A7F,aa16ddbd3c2c6347f582223ef0ad3c29bf6084dd549cb1a2b25717ab5299c235,41.34.150.193:5552
2019-07-16 18:54:11,njRat,https://t.co/jjxtB3H7LJ,68309170ae0c9fc5ff073c2bde34edc4ce30e538158122dd57e3f7808c06a056,192.168.0.15:4444
2019-07-16 18:53:55,njRat,https://t.co/CBqWiLNNKz,26fbf050e814452c8e8d171c96e9fd675fa36182932a1af0a6b783ea50ea8172,duckapp.duckdns.org:5555
2019-07-16 18:53:38,njRat,https://t.co/hsfTvoYGGR,7f8d0ccf17a86cde1ed9c495fd3dcdcd1c6054eed7db57f3004e41309e9c662f,xlightcx.ddns.net:5552
2019-07-16 18:53:22,njRat,https://t.co/xVrHuZN0zr,aa16ddbd3c2c6347f582223ef0ad3c29bf6084dd549cb1a2b25717ab5299c235,41.34.150.193:5552
2019-07-16 18:53:06,njRat,https://t.co/KtF5CO2PMn,aa16ddbd3c2c6347f582223ef0ad3c29bf6084dd549cb1a2b25717ab5299c235,41.34.150.193:5552
2019-07-16 18:52:49,njRat,https://t.co/x6kTUG0L3D,8267f8926d4eaa99cd55746f2eae0fb7e39a233413ef62ad67f3921f7c0a300d,xlightcx.ddns.net:5552
2019-07-16 18:52:32,njRat,https://t.co/X5VSLyK9SX,70717174f8acaec6cc7b8d6442c5d7794a518b7b310a38a07c58f30655428285,winddns.hopto.org:1177
2019-07-16 18:52:16,njRat,https://t.co/E9acSLwFOm,5087a8f31fc096c50c9b592ed77ee1bfae87a775b81139021dc6399cfc044d77,fantasma-43399.portmap.host:43399
2019-07-16 18:52:00,njRat,https://t.co/p2Cwl44Jvg,aa16ddbd3c2c6347f582223ef0ad3c29bf6084dd549cb1a2b25717ab5299c235,41.34.150.193:5552
2019-07-16 18:51:43,njRat,https://t.co/B9UFE8wSL8,7ba2d2e941345340f952e7b8035815214ddd5e2a1c935a389bc760df367cbd16,xlightcx.ddns.net:5552
2019-07-16 18:51:27,njRat,https://t.co/XRZqVplRTG,0246626152db20b2ad50a8c92c82a23472b463b88a43be2896e26bcd8e8e6105,daviddugay.ddns.net:4444
2019-07-16 18:51:11,njRat,https://t.co/c15ovx8ufU,9d55057493e15a7e6310c6c17e7c28689f05dc58b2cfa101c3ec33df2a1669d8,192.168.0.17:2323
2019-07-16 18:50:54,njRat,https://t.co/TQHuZJzOYr,7ba2d2e941345340f952e7b8035815214ddd5e2a1c935a389bc760df367cbd16,xlightcx.ddns.net:5552
2019-07-16 18:50:37,njRat,https://t.co/SUpxW7OSth,7f8d0ccf17a86cde1ed9c495fd3dcdcd1c6054eed7db57f3004e41309e9c662f,xlightcx.ddns.net:5552
2019-07-16 18:50:21,njRat,https://t.co/dVfSkA89bE,7f8d0ccf17a86cde1ed9c495fd3dcdcd1c6054eed7db57f3004e41309e9c662f,xlightcx.ddns.net:5552
2019-07-16 18:50:04,njRat,https://t.co/iT5LUUc9I0,78545f2b58e33366c96b8ea144f39eb238c043c99fed0abe254bf2f2c774c720,honma123.codns.com:8080
2019-07-16 18:49:47,njRat,https://t.co/SJjctl7OTn,5087a8f31fc096c50c9b592ed77ee1bfae87a775b81139021dc6399cfc044d77,fantasma-43399.portmap.host:43399
2019-07-16 18:49:30,njRat,https://t.co/wohIP3um7P,8dc61df2d39b672d1a6635e04aa2b145612852d26f2e4d3a02ccf24765e646a7,fantasma-43399.portmap.host:43399
2019-07-16 18:49:13,njRat,https://t.co/nXBIRsoyg5,925861d3853e10e1168de97521e81fda011b843d134c6b4cec2e136f5af04ed7,151.80.175.190:1212
2019-07-16 18:48:57,njRat,https://t.co/VklWzvS3v1,423ac3d582d601656fb01b6409f1e4dcb5a21268303852abe55c207cfe6ea7e7,microsoft.myiphost.com:1212
2019-07-16 18:48:40,njRat,https://t.co/ExYRMGwE8y,70717174f8acaec6cc7b8d6442c5d7794a518b7b310a38a07c58f30655428285,winddns.hopto.org:1177
2019-07-16 15:15:53,PowerShell_Meterpreter_Reverse_HTTP_x64,https://t.co/Sz1lSxtfVq,756d52b45680a262878b5592de0f622c8aca1f5c5609630cf244b4a80ae8e187,kurosan.ddns.net
2019-07-16 15:05:22,PowerShell_Meterpreter_Reverse_TCP_x64,https://t.co/19BHGE5DtH,7befc64215318dd6ece0f03519b793d2a01c7980f835e69f1ba6b42143649c7e,78.193.216.186:4446
2019-07-16 14:58:30,PowerShell_Meterpreter_Reverse_TCP_x64,https://t.co/AGe8AyBxZs,d95bfc04b5a537959f1e5881ba7f3f8deb63f6b23756f62914c1a98fdbf5d6e1,103.242.237.110:4446
2019-07-16 14:02:02,Revenge,https://t.co/K9DzmFWsfg,4eedd635bfc8179a73aacdc10b9099ffe229ce600dd644b07d69716e3c44d33e,127.0.0.1:213
2019-07-16 13:02:19,Revenge,https://t.co/eA8arQO1BG,4eedd635bfc8179a73aacdc10b9099ffe229ce600dd644b07d69716e3c44d33e,127.0.0.1:213
2019-07-16 13:02:02,Revenge,https://t.co/6nywxDZ5cd,4eedd635bfc8179a73aacdc10b9099ffe229ce600dd644b07d69716e3c44d33e,127.0.0.1:213
2019-07-16 08:17:02,Lime-RAT,https://t.co/H9mse81FnU,6097286f77e05e7441ea1e9feab18db11c238d4c879db3ed7d4c69d3e306df93,https://pastebin.com/raw/YNXzG7Ap
2019-07-16 08:02:02,Lime-RAT,https://t.co/KWAQQCv3rP,1c33ecb28f3a8c124c5f16c5585b0ca8d08c226166a9aa5f9e3d8985f760fe65,https://pastebin.com/raw/dvYeN8ik
2019-07-16 06:47:03,njRat,https://t.co/AUaCua702l,932aca31d0811b9def3e71ceb0a81e6c2221e10c4187f6f2c049989d645f165a,xlightcx.ddns.net:5552
2019-07-16 03:17:02,Revenge,https://t.co/geEu1BTUIq,27c9e5a4aff5261cf5e2b75a5046989bb6b0816d64787e6852f99fea85f24ce2,xlightcx.ddns.net:8090
2019-07-16 03:02:02,Revenge,https://t.co/mru7JiiNuQ,27c9e5a4aff5261cf5e2b75a5046989bb6b0816d64787e6852f99fea85f24ce2,xlightcx.ddns.net:8090
2019-07-16 02:47:03,Revenge,https://t.co/5vvJs8ecIa,27c9e5a4aff5261cf5e2b75a5046989bb6b0816d64787e6852f99fea85f24ce2,xlightcx.ddns.net:8090
2019-07-16 01:47:03,njRat,https://t.co/weBib3J6m1,3e178abebeeddf9b3c6a6df4011f7b5adc5485074c94301467724afb2ca9bbe1,xlightcx.ddns.net:5552
2019-07-16 01:32:03,Revenge,https://t.co/9FWmtDlZbc,8088b4b75673958f40e89573866f423b235a72e6d6342c35ce5d31707acb9141,xlightcx.ddns.net:8090
2019-07-15 23:32:02,njRat,https://t.co/7VTvzgj9Qk,c971291c8171276d046319e688f377f95ceaef238bdbee8379d18132fe3edf5b,xlightcx.ddns.net:5552
2019-07-15 23:02:52,njRat,https://t.co/Lp6fv1ij23,7c87376ba0dfd7ccca0d7f9d587f52f32acf1d98434dafd6b1ca33edeb35c6a6,netro800.ddns.net:1177
2019-07-15 23:02:36,NanoCore,https://t.co/I6HqJJYS8b,8765bdbc6bf929d5ac9d0f4698698c1cecb39ceeed34f5fcc5faf5718c67c3d1,"nanobabo.ddns.net:1337,127.0.0.1:1337,"
2019-07-15 23:02:19,njRat,https://t.co/YmmXWS7e8L,7c87376ba0dfd7ccca0d7f9d587f52f32acf1d98434dafd6b1ca33edeb35c6a6,netro800.ddns.net:1177
2019-07-15 23:02:03,njRat,https://t.co/hTOzIWGSNB,c971291c8171276d046319e688f377f95ceaef238bdbee8379d18132fe3edf5b,xlightcx.ddns.net:5552
2019-07-15 22:47:03,njRat,https://t.co/dXyGbiqLE8,55d6bef84e0d261ef1df3e4576c0ea4f6ed7d44e5cee1393402b25119a06a557,netro800.ddns.net:1177
2019-07-15 22:32:03,njRat,https://t.co/gJuIB1hRSZ,c971291c8171276d046319e688f377f95ceaef238bdbee8379d18132fe3edf5b,xlightcx.ddns.net:5552
2019-07-15 21:00:02,PowerShell_Empire_Agent,https://t.co/WoUIkY7Hsx,6d13212c09e9d8a4893c8dc5cec4c51f7ad1fc15fedc96c3f0f41f09ca16b78c,https://50.16.24.161:443
2019-07-15 17:17:21,njRat,https://t.co/jNTk4bEOjX,5970670bd3afead37221bae6cf8f0eaba5ef011c8084390315e4daddc23f372c,127.0.0.1:5552
2019-07-15 17:17:04,Revenge,https://t.co/GwRsLGgrwS,97d37f1ddf1771c3d746f468b739fb477d5713ae76b73d7c6f3196a4fdbe8ce6,127.0.0.1:333
2019-07-15 17:02:02,njRat,https://t.co/8wcUq5U73u,5970670bd3afead37221bae6cf8f0eaba5ef011c8084390315e4daddc23f372c,127.0.0.1:5552
2019-07-15 16:49:36,njRat,https://t.co/k5rT7l5l3l,5ba9498bb61f8b5ed66676381dd8f5cc546dead2ccb6909d001a7a9e568595c0,192.168.0.40:4546
2019-07-15 16:35:04,PowerShell_Meterpreter_Reverse_HTTP_x64,https://t.co/tOYnBl1sXl,756d52b45680a262878b5592de0f622c8aca1f5c5609630cf244b4a80ae8e187,kurosan.ddns.net
2019-07-15 16:32:02,njRat,https://t.co/1AwmAdhCWr,5970670bd3afead37221bae6cf8f0eaba5ef011c8084390315e4daddc23f372c,127.0.0.1:5552
2019-07-15 16:10:16,njRat,https://t.co/XvLP80VoWV,083447141bf9c6401de4acd953bcd6acc12e9ba959f0a87b240adf6a8a48ef45,soolbin02.hopto.org:1177
2019-07-15 15:47:03,Lime-RAT,https://t.co/CnsKxASqjl,4c60f6f2a3fc8c53961f8b85f8697912ce771197e6496abea840dd8a33229380,https://pastebin.com/raw/F2m2N4TX
2019-07-15 14:11:23,NanoCore,https://t.co/LkLc1tETtQ,d593022c4c35d832d4eba653fd0f6b3ce314b833bda3f1f1e2387bb7d3a5c77c,"soucdtevoceumcuzao.duckdns.org:54984,microsoftoutlook.duckdns.org:54984,"
2019-07-15 10:47:02,Lime-RAT,https://t.co/MuMGPtDJtI,4c60f6f2a3fc8c53961f8b85f8697912ce771197e6496abea840dd8a33229380,https://pastebin.com/raw/F2m2N4TX
2019-07-15 07:47:03,VirusRat,https://t.co/70aJh5nLna,007a735bde547f8fac64ced242a5e9a3b76d7de1c55ec28a33e7baa0daf7e63b,127.0.0.1:2222
2019-07-15 06:17:02,Lime-RAT,https://t.co/jBseDPUblo,5c647beeb88a4931ed8179cb3e78c1584208ae5a321eb4753281801eddf3785d,https://pastebin.com/raw/F2m2N4TX
2019-07-15 03:47:03,njRat,https://t.co/N9AsAEkQlF,5ba9498bb61f8b5ed66676381dd8f5cc546dead2ccb6909d001a7a9e568595c0,192.168.0.40:4546
2019-07-15 03:32:35,njRat,https://t.co/N204f39vmD,5ba9498bb61f8b5ed66676381dd8f5cc546dead2ccb6909d001a7a9e568595c0,192.168.0.40:4546
2019-07-15 03:32:18,njRat,https://t.co/wPmHMk05mj,be1ab116e74a171f1b9712b8e55064b44b3921214fefb1b7ecf038767eb60ca3,119.59.112.212:80
2019-07-15 03:32:02,njRat,https://t.co/hsRPTq7fVF,5ba9498bb61f8b5ed66676381dd8f5cc546dead2ccb6909d001a7a9e568595c0,192.168.0.40:4546
2019-07-15 00:42:23,njRat,https://t.co/u979MNtINl,f89a0310d688c2e76a2a04ff777ce1d57c0537917eaf61e10adb5f51c792531f,nice3arab.ddns.net:2463
2019-07-14 23:55:33,PowerShell_Meterpreter_Reverse_TCP_x86,https://t.co/H0jtRnxPZ9,bf3a7c365bd9cb2f86a129d9aacf3f8f862841f026a04b04cacb4ec57f8effea,146.255.150.56:4444
2019-07-14 23:55:02,PowerShell_Meterpreter_Reverse_TCP_x86,https://t.co/YqPcqQE1R5,bf3a7c365bd9cb2f86a129d9aacf3f8f862841f026a04b04cacb4ec57f8effea,146.255.150.56:4444
2019-07-14 22:47:03,njRat,https://t.co/iCU1OV73vp,bf3e178f1ad00c262efb30f37d7cabc64652d2863c87bc4f372abfeeb092f98b,soolbin02.hopto.org:1177
2019-07-14 22:17:03,njRat,https://t.co/2H4HKEc39l,919e4dc65cacc46b974310f7cacd5f19c2fc749b7610cde650b5dadb66b7d1b0,soolbin02.hopto.org:1177
2019-07-14 21:55:03,PowerShell_Meterpreter_Reverse_TCP_x86,https://t.co/uxmtpLKzcm,ba4b197c2bc2dc693f7e88fad6f8bbf094a6bff6896a3a8336ba54f3dff065e8,146.255.150.56:4444
2019-07-14 19:47:02,njRat,https://t.co/yHJzgr9o2R,4ec4f950da2f2c1ef8aaad36c26968f53e245b31313d34be34dc51d2a0c7618a,192.168.1.5:111
2019-07-14 19:45:02,PowerShell_Meterpreter_Reverse_TCP_x86,https://t.co/SI1NcE6rbv,85e55fd5b3d5d58ef47a2b1817c54888bc8d7d4d3ec6d721ceff0a4392e4d1d4,192.168.7.120:4444
2019-07-14 18:47:03,njRat,https://t.co/EIQL7XLbG5,5ba9498bb61f8b5ed66676381dd8f5cc546dead2ccb6909d001a7a9e568595c0,192.168.0.40:4546
2019-07-14 18:32:02,njRat,https://t.co/sZy8qDjMBF,5ba9498bb61f8b5ed66676381dd8f5cc546dead2ccb6909d001a7a9e568595c0,192.168.0.40:4546
2019-07-14 16:32:03,njRat,https://t.co/b9obuUS41b,ed7c928280b88bbeff40dad53cf3aaa4504ca66c6f5c2b0314cc54b8e2a131e6,127.0.0.1:5552
2019-07-14 16:17:02,njRat,https://t.co/WXu2r9ig1Z,ed7c928280b88bbeff40dad53cf3aaa4504ca66c6f5c2b0314cc54b8e2a131e6,127.0.0.1:5552
2019-07-14 13:47:03,njRat,https://t.co/2ChhVvNqC3,fdbfa0172eb5b1b9ceadebdfa06aae201518d940f9aa5b829a756a6b31f74eb9,dcd.ddns.net:5552
2019-07-14 00:35:02,PowerShell_Meterpreter_Reverse_TCP_x86,https://t.co/hjvAivMlxU,3a4acd65cf2feac3a91f409b2d6171f9b1518a6a93e67e065e46e3cc5a4cec27,192.168.7.120:4444
2019-07-13 17:54:41,PowerShell_Empire_Agent,https://t.co/kSeemErUqi,725c8914b53dad441d6353e6b9f0e15460787485f002964b5c7cccc0faea7010,10.0.0.53:80
2019-07-13 17:43:06,PowerShell_Meterpreter_Reverse_HTTP_x86,https://t.co/Yv8afL1x4C,07646627a131a4197224d5c952498125c0f771002a1c8594d9ae94d04ed79bef,144.217.50.255
2019-07-13 17:13:57,njRat,https://t.co/cp847xMZC7,d83eef692bc5590bcaf81f73bb6b004b031ab2aa893bc05184dee2189262d166,queda212.duckdns.org:333
2019-07-13 16:43:24,Revenge,https://t.co/WovAZzN2gC,5e936a4477aef9324f154ba0b5ab31d50966d605be2e5ce4b4a1af89e683a1fa,emanmostafa2019.ddns.net:1604
2019-07-13 16:43:07,Revenge,https://t.co/95702ESJBg,5e936a4477aef9324f154ba0b5ab31d50966d605be2e5ce4b4a1af89e683a1fa,emanmostafa2019.ddns.net:1604
2019-07-13 06:32:02,njRat,https://t.co/KkWpZfUbcP,df7480651fa22248cd6af1a0347cc875c6a229cc0449d3609bac8d689725bcee,tayyam.ddns.net:3344
2019-07-13 02:32:03,njRat,https://t.co/SNu9fPAn9M,49c2b9a0e9dc6150f1b3ef74a601a18bf9994138c7499f35406021c95498d99f,ovh.servehttp.com:5553
2019-07-13 02:17:02,njRat,https://t.co/zE1k0GdG3o,3558394987b1ebe4502aeb4a28a80480791b20a41f6d5e826b7d87200ed7eed8,monta14.ddns.net:7777
2019-07-13 01:47:02,njRat,https://t.co/ULAOMf37WX,3558394987b1ebe4502aeb4a28a80480791b20a41f6d5e826b7d87200ed7eed8,monta14.ddns.net:7777
2019-07-12 23:02:03,Revenge,https://t.co/jUA0MwSSul,0255ad8051093c7466b38fe797a58956763b9ebb67c1f21f8e9d901035f02e1a,xlightcx.ddns.net:8090
2019-07-12 19:17:03,njRat,https://t.co/A5ZtQ6wvhY,f9d8dd9afb996ad583e41ed36a946d3490dea4a6710d5604ea4e9ce9a57e48a9,soolbin01.ddns.net:1177
2019-07-12 18:40:02,PowerShell_Empire_Agent,https://t.co/tPJqBFYWJM,8da12177842b3da094bd78dacde99c218f38d30039a076159b8628470137b433,https://194.99.22.146:443
2019-07-12 18:35:02,PowerShell_Meterpreter_Reverse_HTTP_x86,https://t.co/hPt14M0fse,cba16863b45ba76e96d01e4331a9a29566e96cb8d42f6feddbba719c844d0d22,192.168.43.44
2019-07-12 18:20:03,PowerShell_Empire_Agent,https://t.co/mqDoNZRr3f,fd70b77456315ba2607eb57be03f80038924c24ea2ab56f5e08f839d61137e8f,https://94.140.125.248:443
2019-07-12 18:02:35,Revenge,https://t.co/McgvmzYnuP,6ef867057a6260ee5309fec169feaa4b7f6e08e51f2dec85eb6decaea739b0b1,127.0.0.1:1604
2019-07-12 18:02:19,Revenge,https://t.co/qavB5pc8Qg,b3074cdcea069be10773139f4cb8a533703e42cb68bb9beda189e9377bc71484,emanmostafa2019.ddns.net:1604
2019-07-12 18:02:02,njRat,https://t.co/DklkzxCUzW,dafaa1fe0a36ffe0f4aef1cd0bc4c3ea311e921eed46f48b5dc0db0af4e7340d,192.168.1.7:5552
2019-07-12 17:02:04,njRat,https://t.co/nYkUcFH9VA,dafaa1fe0a36ffe0f4aef1cd0bc4c3ea311e921eed46f48b5dc0db0af4e7340d,192.168.1.7:5552
2019-07-12 16:32:03,njRat,https://t.co/EVOtn20CMC,b61fec5917184de83eec4e599d1da122d8d1448398d08fa2a8cf2a47f4d87dab,127.0.0.1:5552
2019-07-12 16:20:02,PowerShell_Empire_Agent,https://t.co/YP1B97rwVP,2d289346e9b4ad974cff0dc82ef763d05b737a939cebb6c9c81da44f6fe078af,192.168.33.254:8443
2019-07-12 16:05:03,PowerShell_Meterpreter_Reverse_HTTP_x86,https://t.co/898qW7WL9J,7ea097c445858504801a0294162b48f770351d0172a2d93a8a77ca2b28bd0e8f,10.232.18.33
2019-07-12 15:47:02,njRat,https://t.co/RwB4ftNiTB,35a52b86f087f1c01d9ebaf1d86949c3c76a2594322352bbfb3cb78cb9acfb6c,putakama.hopto.org:5552
2019-07-12 13:17:02,njRat,https://t.co/SNKViegwI1,35a52b86f087f1c01d9ebaf1d86949c3c76a2594322352bbfb3cb78cb9acfb6c,putakama.hopto.org:5552
2019-07-12 08:17:03,Njratgold,https://t.co/qOtPPxb9jZ,ab22449433e1fb6592a8b15ef2163ce0d1b096037c72a98041b611f786123494,hiddenmyftp.duckdns.org:6442
2019-07-12 07:32:02,Lime-RAT,https://t.co/7kg846Jyl8,bb4177c40a22a0b98a82f387dd1ef910ca592b117436dbd61a43a92a0bb1aa26,https://pastebin.com/raw/0QH4sEUY
2019-07-12 01:15:02,PowerShell_Meterpreter_Reverse_TCP_x86,https://t.co/aFOduQTVxx,84ad6a1638446eb81e907f6363d0cdf96caae953cff0652f1f9ab6a6d9f05c44,192.168.7.120:4444
2019-07-12 00:25:03,PowerShell_Meterpreter_Reverse_HTTP_x86,https://t.co/823BriNt93,c48fbc3185d5013b8b232c16f703a9748557485447b6b46b8eae30c24379de9d,172.20.10.6
2019-07-11 21:28:41,Xtreme,https://t.co/jnexNBJkCa,faddaf640cd63b3421eed1fdd567a688282fad1d2ee22fac7d527217855317bb,"127.0.0.1:81,"
2019-07-11 21:28:22,njRat,https://t.co/mwc4GOglTN,831361679972add0e03dbbdf8b215bf3d4c93ebcc363ec1d9a2732a3fc361722,127.0.0.1:1177
2019-07-11 20:50:03,PowerShell_Empire_Agent,https://t.co/0cxXOhp8lo,5c1ddff252306e285f33bbb53e7da3fda66a37922902e802c6a825804c233baa,192.168.33.254:8444
2019-07-11 20:30:03,PowerShell_Empire_Agent,https://t.co/tNpLC2M7Jt,c2c21e82b268ff9e2dfff46800a85a1f7964bdeb98e220825d5ae56276c6b23c,192.168.33.254:8443
2019-07-11 20:02:18,njRat,https://t.co/cvJ7b4GRY6,1820c543a379ba0a9590c8da743dce9336fbc9ecedd1b7279d6e9af6b304df01,127.0.0.1:5553
2019-07-11 20:02:02,njRat,https://t.co/SnqE4t5j65,ed1c4957442bc82eccee755138948c40e8459dba8fcac2ba3b5912fda3e4ea0f,192.168.0.40:5552
2019-07-11 18:30:03,PowerShell_Empire_Agent,https://t.co/JCPthKU25G,051a549e85a5f4b7a7020325c54a06a0b664e243e93de30e3b9f4133ac1b6a3f,192.168.33.254:4444
2019-07-11 13:59:14,PowerShell_Meterpreter_Reverse_HTTP_x64,https://t.co/pkP7t5BjZO,82322d80784406e4126c8b8e0986d74c9913ca20fd3ae13d397de0c232a5f355,94.103.91.138
2019-07-11 13:02:19,njRat,https://t.co/JplWCONrmp,d9bc805df5c0e34db4fbfd2b43eeec08170e546442ecd37221babda377793213,"127.0.0.1:5553,"
2019-07-11 13:02:03,Lime-RAT,https://t.co/qFBslykGzc,78c0f97bf1e31fd8eaaabb35c590f4e315ecc67e39a604830819771501e759f1,https://pastebin.com/raw/Wr85M2fh
2019-07-11 06:02:03,Revenge,https://t.co/YadDTTyeaW,a30f52de48fcd039f2f22a602adcff9d1c66116ea98d1f462874ecde2b081d4e,127.0.0.1:333
2019-07-11 05:47:03,Njratgold,https://t.co/yA7YmWpBn2,f70ebbdd8f7841263c355843a2f2bd01b56e653e3c27116616552ae25ca70ba7,hiddenmyftp.duckdns.org:6442
2019-07-11 05:17:03,njRat,https://t.co/jNX1wONr82,2346580b30fe77e271ef80fb197021473b6c4ced89da1baecf6a8032b0736cdb,falcon-56657.portmap.host:56657
2019-07-11 05:02:10,njRat,https://t.co/5nq5kaZ9aC,2346580b30fe77e271ef80fb197021473b6c4ced89da1baecf6a8032b0736cdb,falcon-56657.portmap.host:56657
2019-07-10 19:47:03,njRat,https://t.co/dmhm9JJalK,3f55b6225ea371c69c65a01c785d3b665d6a7ff000361f8a5ce05b08f6e30b27,xlightcx.ddns.nbet:5552
2019-07-10 19:17:02,Revenge,https://t.co/VaPaThKa2t,95c7ea152c0f0e259e890edc0fd13cc9a928c98751bbe3c05106b325f3bc28a6,wh-32248.portmap.io:32248
2019-07-10 19:10:02,PowerShell_Empire_Agent,https://t.co/EXuTa6Y2hZ,e03e89f870598ef7af15910f0d646a04d410b0d9adfc83b229610e2f106c8542,192.168.32.128:80
2019-07-10 18:47:02,Revenge,https://t.co/HtjzPykfm3,95c7ea152c0f0e259e890edc0fd13cc9a928c98751bbe3c05106b325f3bc28a6,wh-32248.portmap.io:32248
2019-07-10 15:59:40,PowerShell_Meterpreter_Reverse_HTTP_x86,https://t.co/31zgpA1Irh,c3b65a46ca4c263110a84f4d7feb5171ee24af8a9537ddf59d61a0de837f5932,190.166.86.4:4444
2019-07-10 12:17:02,njRat,https://t.co/qY6vnD6A1J,dc249ee3e34edf93993cae8eb54d3b59b16b9ebd4642341b3de9fde1602b0597,127.0.0.1:1188
2019-07-10 10:32:03,njRat,https://t.co/DX9UYiG1aX,a6970a24f305f5082134f179531600c9a72c8e67e1e25cfbbd098a710faf483a,192.168.0.116:6522
2019-07-10 10:02:02,njRat,https://t.co/FVUNOaSxKP,91df9d11e99f82a8acce9605b877b54422b999c97a14dd3d0af3b588299c5dc3,127.0.0.1:5555
2019-07-10 06:02:03,njRat,https://t.co/pbuYIBglsj,05eeef8438b8144d2333ffd404ef4a7ece41b2f9b65af2698ff2a6d365326347,79.34.199.54:7005
2019-07-09 23:50:02,PowerShell_Empire_Agent,https://t.co/xVoql4iYzN,a889842e3414db38abcbd98ecdbfedb2c0d225b6f92c56f50a4cc87e80cbc1c1,10.0.2.15:80
2019-07-09 23:40:03,PowerShell_Empire_Agent,https://t.co/dpyC8XW4Si,8ec524379bcaf7560b037b646cfda67aecc04b21710d9c5a8094dbd8126d7f2f,10.0.2.15:80
2019-07-09 23:30:35,PowerShell_Empire_Agent,https://t.co/F0kSxp9o4I,32c399c06bc691fbff2fb4ce509d1ce1df3954aaa097a83230e490fa023e24d6,10.0.2.15:80
2019-07-09 23:30:03,PowerShell_Empire_Agent,https://t.co/lLLAlqdJHd,d136e44499b71111dbb4657e24e80998077ebb6bcc13cdb8fd69ea19ded106a8,10.0.2.15:80
2019-07-09 22:20:03,PowerShell_Empire_Agent,https://t.co/UDvWlZKuYR,d605fdf8849e17b818dd33c892ca5b69d71568ee7ce1a3e57102130841ae7e52,10.0.2.15:80
2019-07-09 20:10:03,PowerShell_Empire_Agent,https://t.co/Uz5bkQtQnO,eca48b51f4b65469225076b4a40d533d67507c63f6f9d5cf8b0638bfe58f0dce,10.0.2.15:80
2019-07-09 19:02:19,Lime-RAT,https://t.co/hQMaNlwYkw,27ab63c2ec213fda5b8017afb5a612e83415d8ff747c58c1d4b16d5cefb6a18f,https://pastebin.com/raw/5Aa34YK2
2019-07-09 19:02:02,Revenge,https://t.co/P3JvcH8NvR,f3cf972a3c6cd0773df078bf0d21b6556cfbb482ecc8b1ee1bb3ade44a5785d5,127.0.0.1:5552
2019-07-09 18:02:04,Lime-RAT,https://t.co/C1PhG78YR2,e91a9be425c8a1b82a08823fbb603679171f0fa77f2c4b1245f111d072508e21,https://pastebin.com/raw/5Aa34YK2
2019-07-09 17:50:11,PowerShell_Meterpreter_Reverse_HTTP_x86,https://t.co/AvgYwNobIl,20d837a9a06e48e99792be3149580f97662c298c6e0bbc95916472b53b3bf48d,31.220.43.160
2019-07-09 17:47:02,njRat,https://t.co/gWeV725e5N,91df9d11e99f82a8acce9605b877b54422b999c97a14dd3d0af3b588299c5dc3,127.0.0.1:5555
2019-07-09 13:17:03,Lime-RAT,https://t.co/satf9Wt1Hs,78c0f97bf1e31fd8eaaabb35c590f4e315ecc67e39a604830819771501e759f1,https://pastebin.com/raw/Wr85M2fh
2019-07-09 11:50:34,PowerShell_Empire_Agent,https://t.co/vOiX9DWVLv,640e774825a2b2fecce159f12c58c72318dc7ef441bdeee231343265733a33d6,10.0.2.15:80
2019-07-09 11:50:03,PowerShell_Empire_Agent,https://t.co/jW6ZKX0j79,34f6f95c7772fc141329eb77b9708316bcb5252da25f31dbf8d77dd7763a0ddb,10.0.2.15:80
2019-07-09 11:40:03,PowerShell_Empire_Agent,https://t.co/w51BsqK0zp,f712177a2b481c87d5ccd07d8b152507b8b2ae183fde43b9c62c9ef36e5d6db5,10.0.2.15:80
2019-07-09 10:17:03,njRat,https://t.co/ExBo59vbhk,818e03879cd894d7d2136cdf9fbd28836553b476563b3b67bfd515137fd6ce41,127.0.0.1:1604
2019-07-09 09:32:06,njRat,https://t.co/eH0JkduS1y,818e03879cd894d7d2136cdf9fbd28836553b476563b3b67bfd515137fd6ce41,127.0.0.1:1604
2019-07-09 09:17:03,njRat,https://t.co/T4BnlGNuUQ,8e55de30d8983900f4419bfdaf3718b44149b6cb00afa3f9db7195cc746052ef,127.0.0.1:1604
2019-07-08 09:47:19,njRat,https://t.co/JuzzpRNfHt,9be544789248561519d56a1b94ce74577ce6445e74aea8e7acc69123a0b9ab03,joko.kro.kr:5552
2019-07-08 09:47:02,njRat,https://t.co/rrXB9ihUZV,54865455e3b0b230ec586a8d6fad114ef2a541c213c70e9ce09e7fc9a782cc89,joko.kro.kr:5552
2019-07-08 09:32:03,njRat,https://t.co/T4MkHzLsdx,778f08c0025b3c9aa4b248f43e2abfe72d9f5dac112e2fdf5dd8ef4b7f436166,"127.0.0.1:5553,"
2019-07-07 20:02:29,PowerShell_Meterpreter_Reverse_TCP_x86,https://t.co/nvVpAtE27t,5c7054ad089e214eb292b88794dca3ce98fcece061d78a3c9f65d2ca41f355d5,77.138.7.127:443
2019-07-07 18:02:02,NanoCore,https://t.co/qjzcuJ6pji,9dbe0c6be575d9396b688e2ba76712537c5c878a969b8b8e7f60436dc944ac14,"141.255.145.32:1604,127.0.0.1:1604,"
2019-07-07 13:32:02,Lime-RAT,https://t.co/yD9m6PljFB,d826623066cdbe828eaf92a24a2327c315b2bf633053c1c5763e16836180e2d6,https://pastebin.com/raw/NvPAsz1f
2019-07-07 11:32:02,njRat,https://t.co/4ebw3QwRKZ,8d4589e71c072b9fa49c45dee8c6a10b4ed8d6a0712c941fb7b91edb173f5c36,vogelmi.linkpc.net:1177
2019-07-07 11:02:03,njRat,https://t.co/AycXwXF4hc,48081108851c322c413db8711c03d28b1396a36e9498cc3ef26c1ba092634144,falcon-56657.portmap.host:56657
2019-07-07 10:32:03,njRat,https://t.co/H56dwOO5Dy,b437f3cb64839648718e11820423112bfabce70d54db46d6ffef1d879cf255b2,192.168.8.100:54
2019-07-07 10:17:02,njRat,https://t.co/zDb84vMJUP,b437f3cb64839648718e11820423112bfabce70d54db46d6ffef1d879cf255b2,192.168.8.100:54
2019-07-07 09:32:02,Revenge,https://t.co/MjMsn7tsxE,2b4c18836496c06e9eccf6e10193f775c1f42b0447cd215601d2139536b0bd39,127.0.0.1:333
2019-07-07 09:17:02,Revenge,https://t.co/C093CpCbeA,2b4c18836496c06e9eccf6e10193f775c1f42b0447cd215601d2139536b0bd39,127.0.0.1:333
2019-07-07 08:15:03,PowerShell_Meterpreter_Reverse_HTTP_x86,https://t.co/T7GUZDmVRe,903c5657b3c967230b3a330f6f3d896c7c8cd985ffb9b90ab59b42981303fc31,192.168.1.10
2019-07-06 21:32:02,njRat,https://t.co/XijODNGCf8,1443623481d6980080a6df33261866f5ef4618f712537c6b613e4b287d6c4d8e,ahmed22wer.ddns.net:5552
2019-07-06 18:31:54,Revenge,https://t.co/kqorcLsZGW,0c13269d72690a964fe78baf518fa5d4bb3a909a7cd6aae5429428fd862adcb7,yahakhan.duckdns.org:2990
2019-07-06 12:50:03,PowerShell_Empire_Agent,https://t.co/WBiq6Nfn1K,3df4eadc61b424066f1c0127164c4906f296f55cc14e58df8ff7d87064c56cb6,192.168.29.67:80
2019-07-06 11:17:02,njRat,https://t.co/Pq2cBaNLi0,91df9d11e99f82a8acce9605b877b54422b999c97a14dd3d0af3b588299c5dc3,127.0.0.1:5555
2019-07-06 11:10:02,PowerShell_Empire_Agent,https://t.co/mxoPt9sxhk,25c7bded1e9e09558c2485f13214e18f44cdd57988ac5cd13f54806f39d9e00d,192.168.29.67:80
2019-07-06 01:32:02,njRat,https://t.co/hUi6SBPQXM,68f34e416541419a3c6bcf9eba54e276775659d0933090faa9acb0a35ba2e5cd,google-chromme.ddns.net:1177
2019-07-06 01:17:02,njRat,https://t.co/wsSywur9ru,68f34e416541419a3c6bcf9eba54e276775659d0933090faa9acb0a35ba2e5cd,google-chromme.ddns.net:1177
2019-07-05 19:20:02,PowerShell_Empire_Agent,https://t.co/kpcUUnmZej,f7ab953f6cbd503fd857d7d28365f030cdbd1d955b941223959e85371e43108d,192.168.242.129:80
2019-07-05 16:02:02,njRat,https://t.co/ddAvFUk7nZ,cee4539fa2d4ee9d83cd7715ac8c8bc4c4793afa0301968e2f3a7f7a7979e8d2,127.0.0.1:1608
2019-07-05 11:32:02,njRat,https://t.co/Qln5t81CiT,feb1697ca6616461e2921499f0b17c2d3c54e4a711c1cdb3f34e4f293e666784,putakama.hopto.org:5552
2019-07-04 22:32:03,njRat,https://t.co/Q4w6weFmtR,c1e71ded80f4fa8086732567e7ccc4c828c698a230c5696a06bbc5a163531567,remember.ddns.net:5552
2019-07-04 14:45:03,PowerShell_Meterpreter_Reverse_TCP_x86,https://t.co/FTnhrxNtFr,1509b8bf430e63f329007c6b6ba4ab193db26be4a0b907ce85ec0574cc59c80c,192.168.75.132:4444
2019-07-04 14:04:53,njRat,https://t.co/7UktifYHuc,fc62fe9918771427dc4b06d6271399ce139356ea00f5c45c9ad8ee42a0c619d3,127.0.0.1:5553
2019-07-04 01:47:03,Lime-RAT,https://t.co/NpWBUzEdYJ,b3dec4008e7f43d4b248689fe05be4a007f423b8ce84e4ca6eff2a700ac4d22a,https://pastebin.com/raw/Vn2JUU0s
2019-07-03 16:50:02,PowerShell_Empire_Agent,https://t.co/Hc5HiDHzBc,708c1de930b3734f1c876754da4d1df58317aed3da2cc4062c4963e43a48a1a9,192.168.242.129:80
2019-07-03 16:32:04,njRat,https://t.co/q78qeoyBsF,e23f2286f7af5216754cc6bb1715d031c85250ca650e2fd1291b67e7dc36464c,falcon-56657.portmap.host:56657
2019-07-03 15:32:02,njRat,https://t.co/89bqynAuJT,18612d405e12a52cc0598837c140ee536a1e008d15b033f32be10a3f8c5afc18,venot.ddns.net:1177
2019-07-03 14:32:03,Lime-RAT,https://t.co/viv3OSmZQs,80c3b5afbf9a8209d481426dc3b9c6cc84d82013b804a3c301324cd072e5cde8,https://pastebin.com/raw/j4LprUAc
2019-07-03 12:17:02,Lime-RAT,https://t.co/OEyXGrtbI9,6097286f77e05e7441ea1e9feab18db11c238d4c879db3ed7d4c69d3e306df93,https://pastebin.com/raw/YNXzG7Ap
2019-07-03 11:17:02,njRat,https://t.co/qAgsXq910F,b4f1d54b86655591acb1242ef212b105d56d7d56dcff8a812ef5f8575394fc98,127.0.0.1:9023
2019-07-03 10:47:02,njRat,https://t.co/0RDJrEQb1K,f3db64edf36044840665b6d9f5b771d5ab65871b717c95249cb1f1632f00f956,falcon-56657.portmap.host:56657
2019-07-02 23:02:19,njRat,https://t.co/lBYIMRgbGM,0349ce56f193928e62e482c573d534bac5fe526a1d1fb103320c54466826faee,soolbin01.ddns.net:1177
2019-07-02 23:02:02,njRat,https://t.co/sgnRxuVX7U,0f258007539ae95b2eacd8dd85fcf51bbdfdabcbdd9e8a5882c1484c1c9b0b7e,188.209.49.54:5552
2019-07-02 21:02:02,NanoCore,https://t.co/txwvoSYZFJ,a042d45a0f493c8e752c760cf91d4322596bef0fa0e2b7885734b0592861f4b4,"nexosouls.ddns.net:1604,127.0.0.1:1604,"
2019-07-02 16:32:03,njRat,https://t.co/zxAyZP2mjk,ce237fc3b6b0c8ac37a80cb1d832e7f1c4b02127a25f683b43de185d6b4b6df9,kais.sytes.net:1177
2019-07-02 12:47:02,njRat,https://t.co/fxhrx9La42,442d689c9d1e88063264a377bcbef5e724df4e3a48d470bbf55a97e36f5ec0ff,127.0.0.1:9033
2019-07-01 21:17:03,atraps,https://t.co/J1jtLzbdQY,9c65f881abdaa1df6657e8327f18e37b2875fbdb169672cb586b6b7af7e2380e,karakan123-50010.portmap.io:61436
2019-07-01 20:32:03,njRat,https://t.co/wKWsEtys4F,05a9df43da607167ac7dd8eac2daaf63abc30eb9c0fd5eb3e6410bd0e48188bf,kiradz3.ddns.net:777
2019-07-01 16:32:03,Lime-RAT,https://t.co/RkJSyMu0Tv,67e0660b2b7940b3395c3d55bdeec68b537c22defe4bedc0c5bd5494cb534ace,https://pastebin.com/raw/JPuZKhSR
2019-07-01 15:17:03,Lime-RAT,https://t.co/RRTTE1wepu,6097286f77e05e7441ea1e9feab18db11c238d4c879db3ed7d4c69d3e306df93,https://pastebin.com/raw/YNXzG7Ap
2019-07-01 10:57:50,njRat,https://t.co/JCoKV0Y3wt,437d4eb470385a62ab7780796c98fa4c702b7921dd8921c43ec4a22762f84d0b,127.0.0.1:1177
2019-07-01 08:32:03,Lime-RAT,https://t.co/h270Nljilc,5b6217737f9f0100c7e1e426dd61709788d346d18169d1ee755c06ea17486d45,https://pastebin.com/raw/GWFDsYF0
2019-07-01 05:32:02,Lime-RAT,https://t.co/v13fjacm3D,30babecb02628e31602d95240f3d158c87068e04d25a392333197303b7cee6cb,https://pastebin.com/raw/GWFDsYF0
2019-07-01 03:32:02,NanoCore,https://t.co/Agf7MaXIR5,8f2fc092be46c38c75cd21ebaa2eb314856a9b2547ffc1677046455fde939f28,"vanillatest.ddns.net:1604,127.0.0.1:1604,"
2019-07-01 01:30:43,PowerShell_Meterpreter_Reverse_TCP_x86,https://t.co/vNqgGcex3i,f624769f651d2a093792cf817c7dbbbd432be4b81c58bce7b5d42ab128256572,116.206.228.203:7834
2019-06-30 23:32:02,Lime-RAT,https://t.co/JLogRlfIyh,b4edd9f8ebadeca219ccb4516eb2d222b5481c661aef35eca4b944b7e62066a6,https://pastebin.com/raw/bnwGGDG1
2019-06-30 22:17:03,njRat,https://t.co/sUDmAcLeA8,915cecef774601cfc6ef97c83715fe08590f9e3bfeff42fc6db23496bc20f802,by-sabotage123.duckdns.org:1177
2019-06-30 22:10:02,PowerShell_Empire_Agent,https://t.co/Vprz6yaiih,d8556eb58ad94e467051cdfc9074574110f33b6c4bc67108688da93693e34162,10.0.0.140:80
2019-06-30 20:30:39,Xtreme,https://t.co/QrQlbpvo0Z,8d7d9cc68038b884f47f3f9be30a56b4dc2cf70e242e6ed57b1cf75f3690cc46,"queda212.duckdns.org:81,"
2019-06-30 20:26:53,njRat,https://t.co/5mP2MCYXkG,b5fe18e67328728a565a684f4283eba2271d82a8a7ec93b2aae65a83226370d0,"127.0.0.1:5553,"
2019-06-30 20:20:24,njRat,https://t.co/Tb5cJ1YZaT,20adf29aac6e0c50bcd8c9294d5f649c8accfd6e3b56180b595e3dd9ceb5d0bd,192.168.0.12:4546
2019-06-30 20:14:35,njRat,https://t.co/kJ1JgaQytM,20adf29aac6e0c50bcd8c9294d5f649c8accfd6e3b56180b595e3dd9ceb5d0bd,192.168.0.12:4546
2019-06-30 20:06:03,Xtreme,https://t.co/uezAhyC1Z6,8d7d9cc68038b884f47f3f9be30a56b4dc2cf70e242e6ed57b1cf75f3690cc46,"queda212.duckdns.org:81,"
2019-06-30 19:55:41,Xtreme,https://t.co/nOl0lm0D0V,8d7d9cc68038b884f47f3f9be30a56b4dc2cf70e242e6ed57b1cf75f3690cc46,"queda212.duckdns.org:81,"
2019-06-30 19:43:36,Xtreme,https://t.co/rYv7Fm8cEC,8d7d9cc68038b884f47f3f9be30a56b4dc2cf70e242e6ed57b1cf75f3690cc46,"queda212.duckdns.org:81,"
2019-06-30 16:04:23,atraps,https://t.co/VekYmNkkrf,224e01e161d0fc3475fc925376607e9d8e375f6df2ef9953437b07927287c9d8,127.0.0.1:700
2019-06-30 15:32:02,njRat,https://t.co/Wl8M8zCQnm,e00557abd89f63632148e6c677c77b556cecb640a52f34ba3a3054ee1d08446a,soolbin01.ddns.net:1177
2019-06-30 14:32:02,Lime-RAT,https://t.co/cF9H7bubbF,7f549312dda8441198e6a88933d0e291c250f83889980b69f989d63606db375c,https://pastebin.com/raw/bnwGGDG1
2019-06-30 13:32:03,njRat,https://t.co/Rfgxbu9wE5,862e7a193c460fc778e70211f33c1294e2e93b4538e3eb1e6a963354c9c56c5b,hiddenmyftp.duckdns.org:5552
2019-06-30 12:32:03,Njratgold,https://t.co/Gn43RvQoEm,6843283eac37807a37e9c6d7bdcd2849cb75f91c1cdebacaec0c6837bb554867,hiddenmyftp.duckdns.org:6442
2019-06-30 11:32:03,njRat,https://t.co/EzXfDBCTyW,ef5ff965f025972c395093a8512ad55594314b89f170f2a1b803ccb9e8172a66,127.0.0.1:5552
2019-06-30 09:32:03,njRat,https://t.co/dC3OvoFtBg,a90fa78ca0754eaa41b6586317a33a6b80aa2fa32dc963decff7f42439efabea,"127.0.0.1:5553,"
2019-06-30 09:17:19,njRat,https://t.co/4zlBtyhEwy,a90fa78ca0754eaa41b6586317a33a6b80aa2fa32dc963decff7f42439efabea,"127.0.0.1:5553,"
2019-06-30 09:17:03,njRat,https://t.co/0ptrA2LyZ1,40fc42d4f83c1f284db6ea4d88253a097a55e36cac8c189d314ec1cb32128a9d,"127.0.0.1:5553,"
2019-06-30 09:02:19,njRat,https://t.co/eIk5QFJz0j,bbbfa5cd044c5542e6ab8d696572b66f4dd58761b4d573b355f7f1d64d8aca45,"127.0.0.1:5553,"
2019-06-30 09:02:03,njRat,https://t.co/Mz5ERXBJ4n,91e86d0c0da6454c69d7a28898688754fad7723b7fa89c79cdf825f76d14ad39,"127.0.0.1:5553,"
2019-06-30 03:17:02,Revenge,https://t.co/meArpqh2Tm,53607f73d6aadb0a6ab4471b986cbc8e9be9d45029b0ad2f921677c1b6676e45,127.0.0.1:333
2019-06-30 03:02:02,atraps,https://t.co/1P5kSeltoU,5c0640a5f36cbb104717df3f186185de52f245f42d820830b8e018ea52f31ab2,127.0.0.1:8080
2019-06-30 02:47:02,Lime-RAT,https://t.co/jCPRlc2ewB,5434f75c1ba994301fbd0f5dfd2775f82e031181dbec335fec2925206aac463b,https://pastebin.com/raw/GWFDsYF0
2019-06-30 00:43:11,njRat,https://t.co/IDbsXOLmoq,93ed8591089138bd147d16b5461b8abe8c30f4d238d255ac3068d00bf8c16723,127.0.0.1:1177
2019-06-29 23:51:20,njRat,https://t.co/ScuiiBbrH5,225bd066547b526e9bd0f5ae0ba100ac9d91441734a90da2eb55ac51d3f698bf,127.0.0.1:1177
2019-06-29 23:47:57,Revenge,https://t.co/NvAcphyDru,70f683a0a04ecf54d0e7fbbbe8e403486f478db7b5a39e786a5be2fd3c3aee06,93.90.193.146:213
2019-06-29 23:47:02,njRat,https://t.co/3lH0V4c9Vv,10532eb628ccb02fcdeaa52dd6d230ef2e5a63649afff5dda17f7db3d0ff1575,soolbin01.ddns.net:1177
2019-06-29 20:32:02,njRat,https://t.co/KY4gSNnfLT,062170c1751f30f1d57104c2025efba843119fdcb693d64d36434fc140eba349,192.168.1.77:1177
2019-06-29 20:17:02,njRat,https://t.co/Hl8OAYKQ1W,062170c1751f30f1d57104c2025efba843119fdcb693d64d36434fc140eba349,192.168.1.77:1177
2019-06-29 19:02:02,njRat,https://t.co/sCErvv9885,91caeb52d2091ca57ddf227282305d66a5b5b364beaed6d55f78baba55f9d8ed,duyneask.ddns.net:2700
2019-06-29 18:47:05,njRat,https://t.co/8IBOOrGjK6,91caeb52d2091ca57ddf227282305d66a5b5b364beaed6d55f78baba55f9d8ed,duyneask.ddns.net:2700
2019-06-29 17:47:02,Lime-RAT,https://t.co/Mho2sE3qyo,d3c53d87bd97a3b49a53d260761318c6524105178c2bd804a1901cc249cc7d40,https://pastebin.com/raw/VpTc1uA5
2019-06-29 16:17:03,njRat,https://t.co/AyOlhinEWK,d98adf11980f4970e72e12673207998f6cbf2b80884d4d776424d087e4dafd85,soolbin01.ddns.net:1177
2019-06-29 12:32:03,Njratgold,https://t.co/YCrlNWf5oX,e7049c9d4353d17e85476520466a6392055ccd40932bf038f473aefb9ebe93f9,hiddenmyftp.duckdns.org:6442
2019-06-29 10:47:03,njRat,https://t.co/gfPxTwGnKd,ef6632b17c79bfaac5a0ae9a0a1910b3373ffdcde66fe6a85e6f81b165e29b6a,*TI3LjAu*C4x:5552
2019-06-29 08:17:03,Payload,https://t.co/w0D4SxZsiI,7578c59061a2cbbfc00ceb446d7564ec8447beaf27a5c3ee6334a64e9d5adf80,172.16.208.30:1337
2019-06-29 07:17:03,njRat,https://t.co/EmQPJjtCKe,49a828f54bdb51ef71ce5e64f2b0994d7e68d52da0b5c4b586817634d929c897,"127.0.0.1:5553,"
2019-06-29 06:02:03,Njratgold,https://t.co/Q4gBXltOst,71be26ea5e2981580eb67fbb838f52e5559e609f3c2cd31fa6b4aa98e0a8b2bf,hiddenmyftp.duckdns.org:6442
2019-06-28 20:02:03,Payload,https://t.co/gQF2kpl22q,62a7da97c0e25cf8aab3665aaa65da6ab03caf733546cf2a7c06d2dcb85dd26d,192.168.178.35:1337
2019-06-28 19:25:02,PowerShell_Meterpreter_Reverse_HTTP_x86,https://t.co/hEQAEUIc8i,70edb2202dd5683f853f22b0991a864f97256bbbe8c2baed5ec0078f3c3139be,5.51.30.229
2019-06-28 17:32:04,njRat,https://t.co/MoO52MOLOJ,c7d239a24d8f03608fa2875aae793cac4957b5cca3e4baf11e358e011261c070,"127.0.0.1:5553,"
2019-06-28 11:02:03,njRat,https://t.co/NTbIT49VOz,52bd999cf5fb5df75393a5cb5f4a1c5fca1fb511aeffea85cbfbb5862cd70ff4,"server5319.us.to:5552,"
2019-06-28 05:47:02,Revenge,https://t.co/31H15YJZhZ,a0ec5e6a7fcc92ae7965d8761610d75578852664ba79174df4d82a17bf586334,127.0.0.1:333
2019-06-28 05:17:02,njRat,https://t.co/vn4Ff39v5d,505aee024fe15f9def181097edc7183014b05d5a597539bb9d167277e33f5d8e,"server5319.us.to:5552,"
2019-06-28 05:02:03,Revenge,https://t.co/5ZXnz8vv4n,a0ec5e6a7fcc92ae7965d8761610d75578852664ba79174df4d82a17bf586334,127.0.0.1:333
2019-06-28 04:32:03,atraps,https://t.co/Pk3dNXLC7i,820f609df5ae0eecb2acee3312e84f87cdb015a30e026eb106dc8de87962df3a,127.0.0.1:8080
2019-06-28 00:15:10,NanoCore,https://t.co/Emau2XB4El,3c52f5f8d98a4ef0f9679ef686f2affdc5b15e88872ded6e5edf34fb69c507f4,"soucdtevoceumcuzao.duckdns.org:54984,bylgay.hopto.org:54984,"
2019-06-27 23:02:02,njRat,https://t.co/2VQLE7Ksvu,7999e3746c1dca231f0679775bbca881ce80e727de088786998a82fa2373a70d,119.59.112.212:80
2019-06-27 21:47:02,njRat,https://t.co/siCxcljkeE,bae87cc1186379df811c1eb46b365da59a501311e300d2303537b229a96a9f57,thewayofthemagic.ddns.net:888
2019-06-27 21:00:40,njRat,https://t.co/DF1Hpg4U7p,cf52f25ec09523169714736063591a1ad4e250f4fd81eb7f17bb8e36fa268f95,127.0.0.1:5252
2019-06-27 20:55:31,njRat,https://t.co/nWz1UZR72I,ed7efb0601bea91db582e4f4b0f686b767504e5d27213d8b1beb1333612e3dd0,bylgay.hopto.org:9000
2019-06-27 18:50:03,PowerShell_Empire_Agent,https://t.co/7ciUSCZ0ed,0fd3bb0c0069a4e4fa5f236c04a8a40a2c2e75ecdc9f05253537a0431ba82c61,192.168.33.254:4444
2019-06-27 16:32:03,njRat,https://t.co/JMUs3L0Bdo,21eda3a993b81f2d8b1286ad37dda43b7260a8b084fd4d6bf3931690f16521b4,morocco1.hopto.org:5552
2019-06-27 13:17:03,njRat,https://t.co/JrD3bNgWgM,3c6cc0afb0813651c15d8569ac619aeb213fdfe9adf9473576b0fb9571ae9472,127.0.0.1:5252
2019-06-27 13:15:03,PowerShell_Meterpreter_Reverse_HTTP_x86,https://t.co/CesRfU8Ieh,e3907c8491529af8430d1b9ca1b3539902c69d20c2223e646a3a0d8c4ff71979,10.0.2.15
2019-06-27 13:02:04,njRat,https://t.co/AaMzrLzKnE,25345abe63d8da8ad391edcf31e99eae92b2abc920bf16af2938252f74fe52ef,127.0.0.1:5252
2019-06-27 12:47:03,njRat,https://t.co/zJzgVWNxd1,723d1015d8c7b20446d990ac2ef846ac67225170d7ce503dc53db1018ef2e6e4,127.0.0.1:5252
2019-06-27 12:32:03,njRat,https://t.co/b99tMBmMB6,5e944843adb7c0f6690e8890d30f311b05b52baf1e3ec64f731cbb11d51aff42,127.0.0.1:5252
2019-06-27 10:02:03,njRat,https://t.co/YEg7SNJurT,5ff7c96862448baf41094aeefea0408aba529eb5c519f283c109ae28521c2e51,192.168.1.5:111
2019-06-27 09:00:02,PowerShell_Empire_Agent,https://t.co/vq2k8frOnA,bd24e2d4df26dcb826cc55b3328745f293d82ddec9cdcd164eae4f63e59557cc,192.168.1.30
2019-06-27 08:32:05,njRat,https://t.co/ElWWBIeyV5,4d82cb3db50038b05851cc34a16dc75e22cb0a8b02f55b2ed3fc9f352bd44152,127.0.0.1:5552
2019-06-27 03:18:37,njRat,https://t.co/VOfEx4LLRt,b98fefa4d2276622d88968f5ad305e8d027c44754fda28ae3322f69f37a9a0f1,192.168.0.12:2222
2019-06-27 03:15:34,njRat,https://t.co/U8urnNwK5w,b9451566721831db5102de729db55dc58d98a1f1a498c5eed6f6a074e6407584,192.168.0.12:2222
2019-06-27 03:10:10,njRat,https://t.co/917yDq58gs,b98fefa4d2276622d88968f5ad305e8d027c44754fda28ae3322f69f37a9a0f1,192.168.0.12:2222
2019-06-27 00:10:03,PowerShell_Empire_Agent,https://t.co/b1B7GG1fCF,88d9308f05af5de1dcb3e0604d96196d7832b789f11afcae327ac22dce028144,192.168.33.254:5555
2019-06-26 23:47:02,njRat,https://t.co/cdsslttMUJ,f831d43e16f6af6a6150b00b93579e8546c6cdccfb920102beb98857f72e7212,192.168.1.5:111
2019-06-26 21:30:03,njRat,https://t.co/q8HgVuyrNP,35771c9f2540f1d1bc191b452ec8cb5e97d42c769a5d96ae1d1e9f7084cd52ab,127.0.0.1:1177
2019-06-26 20:17:04,njRat,https://t.co/x2nhBOXGcQ,7b7af2a83a2ed23eee303d31f8e9818d71a647ef588ebb9bd5a475425dd0977c,192.168.1.5:111
2019-06-26 19:10:02,PowerShell_Empire_Agent,https://t.co/lXFddVMhKW,a2e86da190ae227a52788be139840d2379c9b43e99b1050ab602d99b0f9fea69,54.36.163.79:80
2019-06-26 14:05:34,PowerShell_Meterpreter_Reverse_TCP_x86,https://t.co/m6cb6cQYZH,f5d3a9e1ca911c49d2c400afa3596938e7d00a6bde1c2e4f458a3e188f4b66d0,10.0.2.15:4444
2019-06-26 14:05:03,PowerShell_Meterpreter_Reverse_TCP_x86,https://t.co/0mYhc2NC6v,7aaee2be72d1090a1f23b58f39045f5e9e93c8e4791e6c54a8b025c739849285,10.0.2.15:52574
2019-06-26 13:40:11,atraps,https://t.co/E6nylklSYE,91bcd8abac31a732da7029ea1f8c43a4637061ee0db8eee0dfa805151e2081b9,ou07.myftp.biz:2223
2019-06-26 13:39:55,atraps,https://t.co/c2ykynKIjJ,2069f57b1bfe2f2dd5d11c00e3220f484a6702d4f443701a76e47453c37f2c43,127.0.0.1:70
2019-06-26 13:39:38,atraps,https://t.co/Aa0CRK3mWU,3f4dc6e85addc41dec7d86ecaf5bace03ebb64608c2c3e26245553d673facf95,hussaryn-36811.portmap.host:36811
2019-06-26 13:39:19,atraps,https://t.co/M2SNEFN78u,ec508d5e00b4a9c04d9a374dc951d6ecb736ba50abafa8d829baaf4aefb8453d,soucdtevoceumcuzao.duckdns.org:70
2019-06-26 13:39:02,atraps,https://t.co/NlmAM3YKko,a1e306b40c0f9bac6ab56e08b3952ed1d13eac94203098f00538f382448c248d,192.168.0.17:3333
2019-06-26 13:38:46,atraps,https://t.co/jE91qBUHfw,d5768859e3fac2acbbb0d3dd18e9e1940cf406d85eebf21ed920712f7887348d,42.113.157.120:1177
2019-06-26 13:38:29,atraps,https://t.co/DBNnRSf7ea,a1e306b40c0f9bac6ab56e08b3952ed1d13eac94203098f00538f382448c248d,192.168.0.17:3333
2019-06-26 13:38:13,atraps,https://t.co/TIwFo84TPi,4ab6ee52a6222c86ae5ed9c560851a541e0457a829e5afb17029c069e6c3daac,127.0.0.1:4783
2019-06-26 13:37:56,atraps,https://t.co/DVdcIvL4i6,101e1d98319af8c20612e3a5ea9f29fec9c0ca845dadce42b01bc7d7544ba3eb,127.0.0.1:7707
2019-06-26 13:37:40,atraps,https://t.co/TFCdH1cZWF,16a81176660814c92d66a65d0beab1141b8cdd3ca3bc9044e08580cf21d253c6,127.0.0.1:7707
2019-06-26 13:37:24,atraps,https://t.co/2Imnrsw95y,4beafeef1918032def16092107a923a28c75ba3a8325afe67d2f22a1d7e2beaf,hussaryn-36811.portmap.host:36811
2019-06-26 13:36:44,w0rm,https://t.co/7b8wPVSlCS,59dfb37c93808fcdfb76762dfc70d26929f88a0caf76a0675d7cea0539910926,soucdtevoceumcuzao.duckdns.org:700
2019-06-26 13:36:28,w0rm,https://t.co/qJNkfUC9fa,4beafeef1918032def16092107a923a28c75ba3a8325afe67d2f22a1d7e2beaf,hussaryn-36811.portmap.host:36811
2019-06-26 13:36:11,w0rm,https://t.co/uUEuCuFoyI,dd7a25b2f926caf2217c829570b7e413e9f247764626f1a8f78e0aeeaff73696,127.0.0.1:4783
2019-06-26 11:11:11,Revenge,https://t.co/K6zk6ywi3I,3159e6efc794a8b40f27c7fd6c7e1d48a964dbbf5059323d703db6e9687c7831,"queda212.duckdns.org:242,127.0.0.1:242,"
2019-06-26 10:20:10,Revenge,https://t.co/appC70j4ix,b752d21d4ccdeb864b3bd50b452627d5246efc44a2f4a285c1f2214fe41ea74d,"bylgay.hopto.org:80,microsoftoutlook.duckdns.org:8080,soucdtevoceumcuzao.duckdns.org:8080,127.0.0.1:1000,sou"
2019-06-26 09:05:02,PowerShell_Meterpreter_Reverse_TCP_x86,https://t.co/WoAwbEJ3QA,13ca76f52ed55f2d6bd7d45635c28f78ac663189e6609185df6575eb96e08164,3.14.212.173:18032
2019-06-26 08:55:03,PowerShell_Meterpreter_Reverse_TCP_x86,https://t.co/gJfLHDhsj8,72ec0976f694af3224f3d18eee5e9c497e387dbec5ea81b2279908896439fb51,192.168.159.132:443
2019-06-26 00:45:06,njRat,https://t.co/2DSfm7cVWd,7b9966d77a8582cb298da9a4c21be2a9bb7f38c75bf5f4663099b7bba66eb0f0,esam70samir80.ddns.net:1177
2019-06-26 00:35:02,PowerShell_Meterpreter_Reverse_HTTP_x86,https://t.co/mT3MD7v3vC,5950b80aa9404930bcb8c72f60d0fc41822e0629c08e354c6d25f00f9695823a,172.16.137.198
2019-06-26 00:02:02,njRat,https://t.co/VTldxiLeJt,ff414bfa23b969fb80616afaff29deda38b39f140faf22307a435ec9af917fc1,127.0.0.1:1177
2019-06-25 19:17:03,Njratgold,https://t.co/pUGur0kkVv,5082f4246c39850c4b495747bcb1e339d73f892b78ebed2b723460bd9c99abd4,hiddenmyftp.duckdns.org:6442
2019-06-25 11:56:31,NanoCore,https://t.co/EvAUk2a1B2,a658ec0e2411660ed9006e1117600c4239baecffb16ddd7122ca9ac30ac149fa,"soucdtevoceumcuzao.duckdns.org:54984,bylgay.hopto.org:54984,"
2019-06-25 11:56:14,NanoCore,https://t.co/RI23roVP6Y,28720d7c4d05c3a6ac84f54c65e8d484e434ed8c543ede27c0d249067c81695e,"127.0.0.1:54984,127.0.0.1:54984,"
2019-06-25 11:55:35,Revenge,https://t.co/0kI0xOWPbk,69999324c80bde178a3a8f3eb1bf4522c7198e3e5bf303b48ef841570bb5f537,"bylgay.hopto.org:80,microsoftoutlook.duckdns.org:8080,soucdtevoceumcuzao.duckdns.org:8080,127.0.0.1:1000,sou"
2019-06-25 10:15:04,PowerShell_Meterpreter_Reverse_HTTP_x86,https://t.co/ASblVCLjye,d2ad6d635040747ca247e306522a6685a60b386fa4a01dfd085a8ec83c5db6ce,179.43.159.76
2019-06-25 08:45:03,PowerShell_Meterpreter_Reverse_HTTP_x86,https://t.co/r12EMXpwCW,5a16539f5fc48d83d6893c3319f9da454f4a1cc08a37f2b946444b33762154bc,179.43.160.219
2019-06-25 07:15:02,PowerShell_Meterpreter_Reverse_HTTP_x86,https://t.co/rFUoBLEcIO,6fe7ae2c741d2b08f050f264f1b77f5979223dec597038a04247a75b487b08e4,179.43.160.219
2019-06-24 20:47:03,Njratgold,https://t.co/1nE2sAcOiJ,86c0220cf8d497b501270515efbf7cba9bbdfb7a7b17ddffe82e4169dc890917,hiddenmyftp.duckdns.org:6442
2019-06-24 19:47:04,njRat,https://t.co/Re7FaJPbq1,d11d67a486139e3222ec5c31db3284de8aa753b1cbfe7afd551e901891601f3a,192.168.0.12:5757
2019-06-24 19:32:07,Njratgold,https://t.co/APRwCNeVTs,259869686bcbc68adfdbae1cdb37457e5a38cbe0a6a9bf292100ce5b714a8037,googlebpoot.duckdns.org:6443
2019-06-24 19:02:21,Njratgold,https://t.co/Zfjp2k7mKl,42e654842ec8c9875c39c385fd8224012430df13a7012ac54e3b925cf2e1db83,googlebpoot.duckdns.org:6443
2019-06-24 19:02:03,Njratgold,https://t.co/bSqMyoBapt,268e6aa522ba49bbdab9a19e2a019913d3ac4a1e783385da1a81861de4a410bf,hiddenmyftp.duckdns.org:6442
2019-06-24 17:32:02,Njratgold,https://t.co/SvIJH2dsN6,447be1fe7408f2f2e1ce0cdd6112d86a43da5a0d3b9fd1fa48cc67d251d87c22,trf2.duckdns.org:1604
2019-06-24 12:32:02,Lime-RAT,https://t.co/bh5knz8axv,261e177b4834107ad8d109fede241ad6a717d06c326dd6a2692960c4eb3d658c,https://pastebin.com/raw/0kiLVnpt
2019-06-24 12:17:02,Lime-RAT,https://t.co/zKYqcrNu3c,5c574decf2a36139a8bf92bbd725b7e5a65279d7072905536b9a75db82e24802,https://pastebin.com/raw/0kiLVnpt
2019-06-24 10:15:03,PowerShell_Meterpreter_Reverse_HTTP_x86,https://t.co/opjHP29XSc,d4b307d2926746c7f9ee535e8f0ab246b8ceff243eeed5a011cb7263c8373586,34.240.185.35
2019-06-24 06:17:02,Njratgold,https://t.co/jgCExA8pl7,e566c56881b89e6d17dcab565bacdcab4f48b20dd1a06d2c7ba72c9a9d91a124,hiddenmyftp.duckdns.org:6442
2019-06-24 01:02:02,njRat,https://t.co/kNNQSiO4hy,1b5c277a1d7d8067f76462ffff909138994d73c9125875420bd9e31b4b15f531,wadie43.ddns.net:3333
2019-06-23 20:32:02,njRat,https://t.co/9bW2bqNHoG,52c42e5e8fec64b578efdca70021b3a74fcac15a1ee51823f17acb68928672d5,nadez.ddns.net:1177
2019-06-23 19:17:02,njRat,https://t.co/6J6YO0eZGz,ff3bf866993a34c97609633edbf7af861381ecaee9e506dc0be2b355717713c2,192.168.0.85:6522
2019-06-23 15:41:37,Lime-RAT,https://t.co/MAbTVpkHbi,363a654479fd2710e6b465a7c4a7156df151fc34df206e63294966e52cfdfa60,https://pastebin.com/raw/0kiLVnpt
2019-06-23 15:32:02,Lime-RAT,https://t.co/XgrOYQsTII,cf78dac9b41b5cad7e571a8825da19963ac573b625a97c66247ad14ee7e1818a,https://pastebin.com/raw/0kiLVnpt
2019-06-23 15:17:02,Lime-RAT,https://t.co/OEwNChxNq2,1f42067b807c94a05690a20c4b6ef9c72f7294bc6fc6e52d7776543ebe2cc8a9,https://pastebin.com/raw/0kiLVnpt
2019-06-23 15:05:51,njRat,https://t.co/TseZmNAay3,f14d3b1ccf5cbdfe3796246f156994a10cdccf45eeef0f479b5ee86a49676260,soucdtevoceumcuzao.duckdns.org:6000
2019-06-23 15:02:02,Lime-RAT,https://t.co/YDUFYphAow,53f49983e6fb2e9dc375c49fba05e802eaf39bff0fd15cec5bb88d9df2eb5cc6,https://pastebin.com/raw/0kiLVnpt
2019-06-23 01:02:02,njRat,https://t.co/mFpAgLhARn,a8b805cfd22207dcaf02927355ed29864a990c72e09b85f5c784fa5982489709,hakingpro.ddns.net:1177
2019-06-22 21:05:02,PowerShell_Meterpreter_Reverse_HTTP_x86,https://t.co/dnXvRMjhY4,b49424b092503d325a1f8e017eb22add3d841a132dd2ae60d726b3897b25a613,0.tcp.ngrok.io
2019-06-22 19:47:02,njRat,https://t.co/An3cm2V0q2,4fd53e919919cb8c4c6f0f5e90c8925230db4c5b6e0d6d95f6c6dd11eca96178,haxorspamer.ddns.net:1177
2019-06-22 18:32:02,njRat,https://t.co/zi6Qol1IbE,e848320155b9c69c494ad8654cd02023aa165cd6d6d3a91e69e56a9b591b84d2,batarijaru.hopto.org:27015
2019-06-22 14:40:03,PowerShell_Empire_Agent,https://t.co/NHVrMdff9L,598073fdef66258eb3b2a93004453fe2a5c951a3a5a0ffe8a5bb167abf9c5faf,192.168.0.109:80
2019-06-22 08:17:02,njRat,https://t.co/FN5vg80ly3,817f72d22c5715fd8d10a2ae460ede4831a0d27bd4525a6c826975061771c3af,127.0.0.1:5552
2019-06-22 04:47:02,njRat,https://t.co/WaVSftcmOH,8026f078e81913f137bc3a4b3064632f13ec292370cdfacf21cd989fa734970f,0.tcp.ngrok.io:12513
2019-06-22 02:17:03,njRat,https://t.co/yYKfLEkwp0,4e21e8508e7f219a681194413ee93db25c20e9553592abf9769e233f24efccd1,haxorspamer.ddns.net:5552
2019-06-22 02:02:35,njRat,https://t.co/B5ocJwblnZ,2d70d561d1f28bd336a55d3b6092a9755ff537bfe8931de978ccaa39a2feab29,wadie43.ddns.net:3333
2019-06-22 02:02:19,njRat,https://t.co/rRxZh7xHpX,2d70d561d1f28bd336a55d3b6092a9755ff537bfe8931de978ccaa39a2feab29,wadie43.ddns.net:3333
2019-06-22 02:02:02,njRat,https://t.co/eV1AH4QIOm,2d70d561d1f28bd336a55d3b6092a9755ff537bfe8931de978ccaa39a2feab29,wadie43.ddns.net:3333
2019-06-21 22:02:03,njRat,https://t.co/Z4uxhRpgPs,a73bab08065b5452c8d473289be5858639185a8541faddb5cc6ad1bcbd639813,hellboyato.ddns.net:1177
2019-06-21 21:25:03,PowerShell_Meterpreter_Reverse_HTTP_x86,https://t.co/aIe5T5Tbuv,6d0c91c5ebc537ce9aaf6252a23c25dba2d2358d7e1dce612a2533225edb86c8,89.105.195.201
2019-06-21 20:17:03,njRat,https://t.co/OLW6zLLos8,1ed6333a5df6ff1a9e441ccea7716622bf38dd6e54fd9889ebdec9f91e87cc15,127.0.0.1:1177
2019-06-21 17:45:34,PowerShell_Meterpreter_Reverse_HTTP_x86,https://t.co/85mibWqAUM,a5eaf5773031d1ff70cff08d8cab7fa4ca80905c02d8037afaac51fb68e077e1,192.168.23.134
2019-06-21 17:45:03,PowerShell_Meterpreter_Reverse_HTTP_x86,https://t.co/jRWfgMWeBn,a5eaf5773031d1ff70cff08d8cab7fa4ca80905c02d8037afaac51fb68e077e1,192.168.23.134
2019-06-21 15:32:02,njRat,https://t.co/gONMwaHAqM,d12d116b7a4ba8eb19d56103fa77cc6b888c638707f2246680bdbdda92f7bcff,fghgfhhu.ddns.net:1177
2019-06-21 14:47:02,njRat,https://t.co/YxtxIfQ7Rn,ba2ea1d17eacf114663b24c68be7450993d86515af18621d68b5df3652e0148c,127.0.0.1:999
2019-06-21 12:43:13,PowerShell_Meterpreter_Reverse_HTTP_x86,https://t.co/n9rh7wryBL,8ab39b6355c3912df659a783608d6dca45219877a90bcd2ebf2b670dd4dc40de,89.144.25.55
2019-06-21 10:05:02,PowerShell_Meterpreter_Reverse_TCP_x86,https://t.co/A4YkKJP2Bo,2f907b2900e39503fe483de9c66bdf1dfd6884501b219fde1d4ed085aea7dc15,10.41.175.116:666
2019-06-21 06:02:02,njRat,https://t.co/mAcBUPKK5E,8887867610dec3a95f631911add90b0b4f5b491dcdd4bd85548cbd6258b35701,zizoulite.ddns.net:1177
2019-06-21 03:10:42,Revenge,https://t.co/EUMMgdzWcG,fdf1b32a86213c8062be8f791b72a6c6efff765d65afbb1acd9364e8c9a5e76d,127.0.0.1:1452
2019-06-21 03:10:24,Revenge,https://t.co/mELNefDUwH,1145e009fc900fb7ed286f4e1733cea2e3f342ae2e5fd1ad8244b60aa481855e,"cdtoriginal.ddns.net:5678,cdtoriginal.ddns.net:1155,office365update.duckdns.org:1155,office365update.duckdns.org:567"
2019-06-21 03:10:06,Revenge,https://t.co/QwPwBPa5TA,b2af4ae89120d4b43abbb0917bcbc7e5c5919d6f6276c819496eb4b796c14a30,mlvps.ml:333
2019-06-21 03:09:49,Revenge,https://t.co/tZ3HgWSmnH,fdf1b32a86213c8062be8f791b72a6c6efff765d65afbb1acd9364e8c9a5e76d,127.0.0.1:1452
2019-06-21 03:09:33,Revenge,https://t.co/7MudOQ6QI0,cb8c9bf058c685fef62fef52745a77a4d6b1638e2e2d612d686e747b9642efee,internet.webredirect.org:1000
2019-06-21 03:09:16,Revenge,https://t.co/GOVp81xgT7,ff5081ed277f251b9fd0434ca0c85428d0b910e93dad23f5a0b32a13f05e00c4,"185.84.181.102:5478,193.56.28.134:5478,"
2019-06-21 02:58:06,PowerShell_Meterpreter_Reverse_HTTP_x86,https://t.co/dJ0MZfn0iO,ba6ef27a1666acf8024e7f0604d554ebed46b654b6f52eab61f2042d054ab4f5,163.172.146.141
2019-06-21 01:17:03,njRat,https://t.co/mLQl7Ez5rp,e65098919359b6e783e4d13559147b454f2adc4f19e2e7fb5d08c2359cc853fd,192.168.0.12:2222
2019-06-20 19:46:48,PowerShell_Empire_Agent,https://t.co/GxposEudJ8,0be2c2f207e933cd263a0f9295641a8c7fcf927fad015674fd37f4adc27adc37,91.200.103.24:443
2019-06-20 19:41:28,PowerShell_Empire_Agent,https://t.co/NdAEoppnHo,0be2c2f207e933cd263a0f9295641a8c7fcf927fad015674fd37f4adc27adc37,91.200.103.24:443
2019-06-20 19:31:28,PowerShell_Empire_Agent,https://t.co/w1rDwT7yjO,bea472a69ce01d65ddbcd91191fdc34875ff20b85cae1dfc269225b98b566ebb,192.168.30.153:80
2019-06-20 19:15:02,PowerShell_Meterpreter_Reverse_TCP_x86,https://t.co/SxTiZ1f0VG,24844dd85c2c6a300b329a6742368dabe91fc11f72885f0fd9b3abf032d44243,192.168.1.33:666
2019-06-20 18:25:02,PowerShell_Meterpreter_Reverse_HTTP_x86,https://t.co/HTQMs1lbE0,439af7e30e9a27a00420a734853948ed41866f17b7196c64fec83f4520d01371,192.168.188.61
2019-06-20 17:35:03,PowerShell_Meterpreter_Reverse_TCP_x86,https://t.co/otT96jWH7G,6b7e4bd87d90330e577fcfab9414d81b166084ca6303469efa371cdcdfd578af,46.177.202.34:5151
2019-06-20 17:02:02,njRat,https://t.co/tzzzp4HR4M,cc5a45a83d26ed63289863d0497650810da6a1bfea7d4e9fb7e9bf414db31c46,rksk.ze.am:5552
2019-06-20 16:30:02,PowerShell_Empire_Agent,https://t.co/pXN0pKn0kF,a764b8860f88063f584ff52481b476277c5dca8d82be77a5edcbf1c72372790a,192.168.242.129:80
2019-06-20 16:25:02,PowerShell_Meterpreter_Reverse_TCP_x86,https://t.co/468r2vFijB,f96f40e3d9eb92433a715ea90e5857eaf41bde9b0f07fb353c95a8deb965b44e,46.177.202.34:5151
2019-06-20 15:55:03,PowerShell_Meterpreter_Reverse_TCP_x86,https://t.co/QyKOdHSkN6,2f760510087a45c7aead2b05fa9876bd651427f880a61c68eb5b35a26b7f5ca9,192.168.2.7:5151
2019-06-20 15:35:03,PowerShell_Meterpreter_Reverse_HTTP_x86,https://t.co/C0wGdpukY4,5850c08c3cc712c2820ea5dc937f3759bab6c6a01f60714be3502f68e1476e73,10.10.131.252
2019-06-20 15:15:03,PowerShell_Meterpreter_Reverse_HTTP_x86,https://t.co/dOfoEiQM2M,fee7422886ec65878fda4c4772061559175622924060de519d30ef479b58ab29,192.168.209.132
2019-06-20 14:45:34,PowerShell_Meterpreter_Reverse_TCP_x86,https://t.co/gzNJV48YyA,101eb148695ccaf05c38b88189125d16eaafd00ffb2d38a597dc439bcfbcf9b6,46.177.202.34:4141
2019-06-20 14:45:03,PowerShell_Meterpreter_Reverse_TCP_x86,https://t.co/kkHmw3nEIc,c232c5b392af9d5880e5cdeb10a834248c4d895056b75ac32d3b2f6bb9b791e7,192.168.2.4:4141
2019-06-20 14:17:03,njRat,https://t.co/6rJmrkQcX1,79e256dff28e5c9b5dcb73cf8346de1365c05ceec466e4cee0979bf5c2c56441,127.0.0.1:5552
2019-06-20 13:47:02,njRat,https://t.co/PHhokSp4US,aa84373d9d018d62254546b574672e17b16c436f695be344492efc83897b8363,121.177.61.168:5552
2019-06-20 13:32:03,njRat,https://t.co/LmQo23EFkM,4140e10674a1812052e133b589b6ea4b8039c604aee776faf8c1f928451a370a,acess55.ddns.net:5552
2019-06-20 10:02:02,njRat,https://t.co/VVJnFHpMhL,f99da09c8acace0e06adde47e3ab097142d6fbcd21f5a5843e14e69e1b6c36c1,falcon-56657.portmap.host:56657
2019-06-20 09:32:18,njRat,https://t.co/FiGNqADTbx,ac6e908fdf1a52acd2e8c68acadf5a00209ac41f939d422836b21ad886d9b042,m:19
2019-06-20 09:32:02,Njratgold,https://t.co/L7Wo5BSOqN,7d74d3575ab3e8ce5f99624cd11e7f8cbbdd4dc782c79783fb35bace60bd32f7,hiddenmyftp.duckdns.org:6442
2019-06-20 09:02:03,Njratgold,https://t.co/hr9oVaIroi,c31315a04c5724c85605cecb2ee44e5b768ded035ed2b36448ce446e1bfeb17c,hiddenmyftp.duckdns.org:6442
2019-06-20 08:25:02,PowerShell_Meterpreter_Reverse_TCP_x86,https://t.co/ppOagNEhq2,1e5e73024316e1f875d94d624e7e41f745ee1c10be55ba15484a2b6a9c658691,3.14.212.173:11880
2019-06-20 07:55:03,PowerShell_Meterpreter_Reverse_HTTP_x86,https://t.co/kvXhhcYS4S,e68d64ea1b33c953bad76d76e7e0b9d7a6d7b687fbae01fcdd167201622c920c,192.168.174.128
2019-06-20 07:47:08,PowerShell_Meterpreter_Reverse_HTTP_x86,https://t.co/m9ZgjK0cim,a6c878bab5f2145e9c131196e46fa80724b525339b98fc882660e2156879b462,192.168.6.129
2019-06-20 07:46:37,PowerShell_Meterpreter_Reverse_HTTP_x86,https://t.co/xP8PSlLJJE,5935f52643b5604cb03b4a5d7c29bddf76f6c066015826064ffd9fa407889e38,192.168.163.128
2019-06-20 07:46:05,PowerShell_Meterpreter_Reverse_HTTP_x86,https://t.co/oDQAiWMFFe,c6434327f5589cb24e6ea717da5123eab8628e563b2b599e6df94eff4d424008,192.168.23.134
2019-06-20 07:45:34,PowerShell_Meterpreter_Reverse_HTTP_x86,https://t.co/nKRBzblmiU,6a3c769a1040712193bbb32322b3a802b81515bd8eefe6a210f5b71647cc9619,192.168.20.128
2019-06-20 07:45:02,PowerShell_Meterpreter_Reverse_HTTP_x86,https://t.co/SZppvd2ZBr,13ec9408131924fdecbf5962d8f8d1f61e9370182fe606fd58975b2b7fc508e3,192.168.13.138
2019-06-20 04:17:19,njRat,https://t.co/l7CDLJwIp9,758684a01d9429f509cb87eea91dfa368094de5931123af0aca95639bf6102dc,192.168.1.77:1177
2019-06-20 04:17:03,njRat,https://t.co/ZDCT5GoTUe,758684a01d9429f509cb87eea91dfa368094de5931123af0aca95639bf6102dc,192.168.1.77:1177
2019-06-20 04:02:02,Njratgold,https://t.co/Sdr9dY82bX,a44de716069e889b8d0eada6390137301de018fe708208a352d6ad6cd9c5e94d,121.177.61.27:5552
2019-06-19 23:17:02,njRat,https://t.co/axAReClH4p,a2fa8fc68563f23b27ed64fc9e63143ea8ce710c6c3a1336362c9125ad01e2b1,hakingpro.ddns.net:1177
2019-06-19 22:17:04,Njratgold,https://t.co/PL4li3ryX5,87fd81ace3f1c9c9d02e69bcf4d68af00ac44369a914250acb7e211260c2ef0c,hiddenmyftp.duckdns.org:6442
2019-06-19 21:03:05,PowerShell_Meterpreter_Reverse_HTTP_x86,https://t.co/1ipsUat78I,a630f39bc996f949a6bf66bbd26dca4cfc17a53c6ee62fcf52146f67bcd1d4cc,194.5.250.102
2019-06-19 21:02:02,njRat,https://t.co/qqQMBlAPqe,0130cb8bc5fa2a0b13e5c14b20f1859e24288b36ca08734d793cec5ea8b662c7,hakingpro.ddns.net:1177
2019-06-19 20:41:13,PowerShell_Empire_Agent,https://t.co/AWPun31zWi,65d483a3407bd26b9d188bf971ff8ffabcfde6835a6a618f3d5ddf66a4d70ef0,https://thephares.com:443
2019-06-19 20:17:04,njRat,https://t.co/5CXX4m2yGp,b04a1eb7a9b7db0915555dfa034309e4d5352c3754d4307c1c9423499f247745,hakingpro.ddns.net:1177
2019-06-19 20:02:05,njRat,https://t.co/Xq3broj5Jc,b120d486d359359870504edf2f8a3bf2f80e3a9613280928a87dfbccedf96c5d,ru-moscow02.crypticvpn.com:6668
2019-06-19 16:17:02,njRat,https://t.co/sMSNKvBF55,9bed9d657a3b14661dd6e2f436cafca662f21bc942e742cbd38f637e6d753371,hakingpro.ddns.net:1177
2019-06-19 16:10:03,PowerShell_Empire_Agent,https://t.co/Bz6Zbr8S0a,ed08c92bfb86d821d8a363a74f227ad5778cfb96891ce4b7d7a33e670dc443cf,happy.birthday.scumbots.org:27
2019-06-19 13:32:02,njRat,https://t.co/jDWAsYsBFk,2b4080f3a9c4fb908c1cdf1174d91f478ea04fd6af20b00156bda0fce9624a8c,sikipon32.ddns.net:5552
2019-06-19 11:32:02,njRat,https://t.co/X0NA02x8v4,090f7a95d67756ef2aa5afe6eca791c4466c4c829285edfdd82d9b811b023a2b,192.168.117.154:5552
2019-06-19 10:17:19,njRat,https://t.co/LBVFp5AD8o,1714906f1d04d0f8f52c300296e0ec014fe02e53d28e7cdf24dd07b194ad2eb7,c3lzdGVtZT@yLmRkbn@ubmV0:1177
2019-06-19 10:17:02,njRat,https://t.co/Ji8XyXDMUz,1714906f1d04d0f8f52c300296e0ec014fe02e53d28e7cdf24dd07b194ad2eb7,c3lzdGVtZT@yLmRkbn@ubmV0:1177
2019-06-19 06:47:35,NanoCore,https://t.co/s6u9jNTFoS,54906417e39b130a787f87ff5df0d17b455f9c5f6f81aaecb4c61f992349b7e8,"127.0.0.1:1604,"
2019-06-19 06:47:18,NanoCore,https://t.co/7PNRhokIAz,cc67a4cd57c327f4c94bf5365124eab592aa502bca101134d71b8bb038803b38,"127.0.0.1:1604,"
2019-06-19 06:47:02,NanoCore,https://t.co/mwHQVWgroL,cc67a4cd57c327f4c94bf5365124eab592aa502bca101134d71b8bb038803b38,"127.0.0.1:1604,"
2019-06-19 01:17:02,njRat,https://t.co/8iBgrFlkWk,a4951cf8701ac806e194837386151f0b7a5d0a00debb5089083139bcdeaab818,127.0.0.1:5552
2019-06-18 23:47:18,NanoCore,https://t.co/vgqMhohTZ8,fd0f0d2fd5a82f916c4bc94152c5abc04029f616a181b5dd46322b2041b439e7,"127.0.0.1:1604,"
2019-06-18 23:47:02,NanoCore,https://t.co/0KqVzGcy4S,35db1965c8422b48da5f4e2b76cadc206092a021acc78adb74ea0fc142d58112,"127.0.0.1:1604,"
2019-06-18 23:32:19,NanoCore,https://t.co/ze2pM3frVM,afbf04a4f519720e9794c9e003dfc02d7719dba28b8323b03fb8136d5ac116cb,"127.0.0.1:1604,"
2019-06-18 23:32:03,NanoCore,https://t.co/0T0kFF7VM2,afbf04a4f519720e9794c9e003dfc02d7719dba28b8323b03fb8136d5ac116cb,"127.0.0.1:1604,"
2019-06-18 20:02:02,njRat,https://t.co/hcmPzNlkJz,12b7d984a2dbb7f129af2253ca362a3fb648998b25ef50d9eec7a5196de2af3c,haxorspamer.ddns.net:1177
2019-06-18 18:47:02,njRat,https://t.co/Qq0ORRgwT5,4754b51a81534702fdbd828d0978fe81d18f9f58df108532664a50699b321ffc,fakiuyouhhh.ddns.net:1177
2019-06-18 18:32:03,njRat,https://t.co/5Qzg7ZEBFv,e4825bee16e57ac8c924415a1fe5d635a6ea519dd51bb72c8ff6fee4185a2ebe,falcon-56657.portmap.host:56657
2019-06-18 13:17:02,Revenge,https://t.co/joEyYayulf,dce95cae4064a4e775acf9714454103af5eecb32d922fb882396619c8cd79aba,"127.0.0.1:333,127.0.0.1:1789,"
2019-06-18 08:17:03,njRat,https://t.co/FOyMja9Hyq,1cf27ddfd3568313d5847f96f7acf582a74a5c30541d9e584aff95702f4a5ca9,hiddenmyftp.duckdns.org:6443
2019-06-18 05:32:03,njRat,https://t.co/gTduoBX8VJ,29bc03dd944e23b530ecc490ea1af3eb5815b54d74233c98a892bba99791dcda,192.168.0.17:5552
2019-06-18 03:17:03,njRat,https://t.co/GMpH7hInS8,6c3a19c7467e34d600141016f92d92d8f8b5ed212598ae108ff649c099531bda,192.168.1.105:14922
2019-06-18 03:02:03,njRat,https://t.co/rg84xxp2MX,e0d0d192329f6639b1630fa48db33aee3f90c807b07232b35b8e8a0400a404f7,127.0.0.1:2222
2019-06-18 02:32:03,njRat,https://t.co/Q8HiH5eBHF,c9cfff851eb3aacce19dc79f782fa4911ed345241ddbdc20af11e94dc492083a,127.0.0.1:2222
2019-06-17 23:32:03,Xtreme,https://t.co/bn52iU27sg,a776936e8e3721f416b5172f803e0f5cd0e058da3d938f2a39e0b058f56de045,"lilkizzy00.duckdns.org:1144,"
2019-06-17 23:17:02,njRat,https://t.co/0AuiPa6TM1,758684a01d9429f509cb87eea91dfa368094de5931123af0aca95639bf6102dc,192.168.1.77:1177
2019-06-17 21:47:02,njRat,https://t.co/9YoTAi2Mot,f1e8ca8c57df69c3719528f9c735e5eff2d31d37f7e660a29858f743c3c7bab9,fakiuyouhhh.ddns.net:1177
2019-06-17 21:32:19,njRat,https://t.co/znlGyjuErL,758684a01d9429f509cb87eea91dfa368094de5931123af0aca95639bf6102dc,192.168.1.77:1177
2019-06-17 21:32:03,njRat,https://t.co/8ohFjK6y1d,758684a01d9429f509cb87eea91dfa368094de5931123af0aca95639bf6102dc,192.168.1.77:1177
2019-06-17 21:17:02,njRat,https://t.co/JwD2dEtKNw,6ba5c76cba02fd8b05cba06df34f2f240db8bc629d3e70fefe5d143f3691f3cc,chromsm.linkpc.net:100
2019-06-17 21:14:41,PowerShell_Meterpreter_Reverse_HTTP_x86,https://t.co/9ZAEcdXCHa,e681e05f4882af41a86254ace30df9d157cf6d4f578dcb5aa7192ca2c35b307a,185.202.174.119
2019-06-17 21:04:39,njRat,https://t.co/tUtrXIHFx2,6ba5c76cba02fd8b05cba06df34f2f240db8bc629d3e70fefe5d143f3691f3cc,chromsm.linkpc.net:100
2019-06-17 20:58:09,njRat,https://t.co/l35g7hmbEl,07d43b08c477630e9dfd8aadbf02d0585e101d73cf0a06e43501833ea9109eb6,chroms.linkpc.net:11
2019-06-17 20:57:51,njRat,https://t.co/yqMXD4BS9X,5a16c1889a242b98e2ad859f904383ae2122ac160a84875dec12fc689ae568fc,chromsm.linkpc.net:1177
2019-06-17 20:57:35,njRat,https://t.co/Xgrj1Fdyc1,1f0df94080a042501ee60cb0da6010bc6ea0e3eda66febf5bd0ea0f57f4e7717,chromsm.linkpc.net:100
2019-06-17 19:17:19,Revenge,https://t.co/0HJDUYOlSf,47cdba99e026ed8b9de26acb1bd477639d0cd67ef33f37277d3faab3f891dbc9,chroms.linkpc.net:333
2019-06-17 19:17:03,njRat,https://t.co/pbrtaCNOD0,a7778a68c6a9829c6359ba6934c36a3b628916489071cef33aa48864f6dce981,googlebpoot.duckdns.org:6443
2019-06-17 19:10:02,PowerShell_Empire_Agent,https://t.co/yIryZp9naT,182c37dc60288c653c548c8ad61ff689914d5db58e304ff98f914cef02ba5818,192.168.214.147:443
2019-06-17 18:17:02,njRat,https://t.co/7UU03G97pY,dae6ba337ffe4fd7f4a9a931cca70d9e79483d8608c2bc8f410e81b4f4e86460,googlebpoot.ddnns.net:6442
2019-06-17 15:02:03,njRat,https://t.co/f2Mykku70j,72ab7fdebcc30f9fe8cf136c34e81269ba541e56516000fa642d54a4b56e8de3,127.0.0.1:1177
2019-06-17 14:39:55,njRat,https://t.co/Lyaf56C2yL,98aaa12cac3eebefac01612a54663b28be57782235f3408f7c7306faa036456e,chroms.linkpc.net:11
2019-06-17 14:18:14,PowerShell_Meterpreter_Reverse_TCP_x86,https://t.co/BDUSeMGsZw,cc240793509558d03d8de7751e413b445c605718f0f6e5173df383940cb6826e,39.105.79.56:8080
2019-06-17 14:02:03,njRat,https://t.co/OXAWu26NXr,42d7b11d2225927ab70bb9efa87343aacb5c069bb62db93824cb3b0faa301cb4,192.168.0.12:5552
2019-06-17 12:47:02,njRat,https://t.co/NmULDS7M1V,963da65bcebef05a71b7905f8443b4913b8114d772e86a49a846fb8d265e7fd4,fakiuyouhhh.ddns.net:1177
2019-06-17 12:32:03,njRat,https://t.co/DmL2JDL6yf,b9dad0029acfeaf20ef58e73d33cbe76f37b588f956e23e54003e90adf39ebd7,fakiuyouhhh.ddns.net:1177
2019-06-16 12:17:36,njRat,https://t.co/c7rFKBkU8V,2d035c3dc1c3b1bb8399c176fa224d4c1b51a94a14670b2a1b8b0bbf16a0f7e7,fakiuyouhhh.ddns.net:1177
2019-06-16 12:17:19,Revenge,https://t.co/tBNtp3MRwO,abaed6ecd016118f68f0e83cafe6f98d7d84776ff9da36e4119233cbc6052fe1,otpokehack.ddns.net:2014
2019-06-16 12:17:02,Revenge,https://t.co/0Wugsof0jv,abaed6ecd016118f68f0e83cafe6f98d7d84776ff9da36e4119233cbc6052fe1,otpokehack.ddns.net:2014
2019-06-16 12:02:02,Revenge,https://t.co/GsFHPjc9j0,abaed6ecd016118f68f0e83cafe6f98d7d84776ff9da36e4119233cbc6052fe1,otpokehack.ddns.net:2014
2019-06-16 11:47:02,Revenge,https://t.co/xsmDZEXsjr,abaed6ecd016118f68f0e83cafe6f98d7d84776ff9da36e4119233cbc6052fe1,otpokehack.ddns.net:2014
2019-06-16 03:47:03,njRat,https://t.co/8nUEKP5zzZ,49ec803855ea2ce8b3c5efbdc047f3c9b35fd5f4a9a4bfddf87242b11bb345d2,soucdtevoceumcuzao.duckdns.org:6000
2019-06-16 02:47:03,Revenge,https://t.co/hniqUioxDw,abaed6ecd016118f68f0e83cafe6f98d7d84776ff9da36e4119233cbc6052fe1,otpokehack.ddns.net:2014
2019-06-15 06:47:19,njRat,https://t.co/zP8tKKNcjQ,fb50b8dfe9e4b4ff8d51af7fb95e3e5ccdbde44a0bd9f2fd3d9e659e3c7d480c,3amo7y.ddns.net:1177
2019-06-15 06:47:02,njRat,https://t.co/MV0HCRHsEt,fb50b8dfe9e4b4ff8d51af7fb95e3e5ccdbde44a0bd9f2fd3d9e659e3c7d480c,3amo7y.ddns.net:1177
2019-06-15 02:15:15,PowerShell_Meterpreter_Reverse_HTTP_x86,https://t.co/TNwTtlXCYs,02c57cf967105455c24e1d30e14563458179a57f59d596a01c6fc5255cac4710,194.5.250.102
2019-06-15 01:54:34,njRat,https://t.co/dKmtz7CuBL,2b4a3e7ceb99994ac0d5b88ee3fbc13a71530e1cbd7dc94801bb967438028d63,127.0.0.1:5552
2019-06-15 01:54:16,njRat,https://t.co/KfsGbFqqDK,3bed0b62e598a63238fe80f9b9b35ce4f5da6b3b26650d92e7c8f29ee79a4db0,mumojuw.ddns.net:6522
2019-06-15 01:47:02,njRat,https://t.co/wcGodWHjwl,3bed0b62e598a63238fe80f9b9b35ce4f5da6b3b26650d92e7c8f29ee79a4db0,mumojuw.ddns.net:6522
2019-06-15 00:32:03,njRat,https://t.co/ych0PApw7O,3bed0b62e598a63238fe80f9b9b35ce4f5da6b3b26650d92e7c8f29ee79a4db0,mumojuw.ddns.net:6522
2019-06-15 00:02:03,njRat,https://t.co/Jh0A7UoarG,0b7e41b8e03c327a1e9c97b0063ac1739abd3963c0a4f552a98da793e329ac03,192.168.1.105:4444
2019-06-14 22:32:18,njRat,https://t.co/g71TBrMx4Y,7c3e0e6d590e895bdc19b049d0d38a985d44b9dedf4430dd073c27f30c56a926,192.168.0.17:2222
2019-06-14 22:32:02,njRat,https://t.co/GV7KHprscd,7c3e0e6d590e895bdc19b049d0d38a985d44b9dedf4430dd073c27f30c56a926,192.168.0.17:2222
